전송시각,키워드,기사시각,제목,요약,링크
2026-07-03 15:12,김민석,2026-07-03 15:08,[포토]'대화하는 정청래-송영길-김민석',"정청래 전 더불어민주당 대표(왼쪽부터)와 송영길 전 대표, 김민석 전 총리가 3일 서울 용산구 서울드래곤시티에서 열린 22대 후반기 국회 대비 더불어민주당 국회의원 워크숍에서 대화하고 있다.",https://www.edaily.co.kr/news/newspath.asp?newsid=03942566645510912
2026-07-03 15:12,김민석,2026-07-03 15:08,[포토]'민주당 워크숍 참석한 정청래-송영길-김민석',"정청래 전 더불어민주당 대표(왼쪽부터)와 송영길 전 대표, 김민석 전 총리가 3일 서울 용산구 서울드래곤시티에서 열린 22대 후반기 국회 대비 더불어민주당 국회의원 워크숍에 참석해 있다.",https://www.edaily.co.kr/news/newspath.asp?newsid=03952406645510912
2026-07-03 15:12,김민석,2026-07-03 15:09,악수하는 더불어민주당 정청래-김민석 의원,"더불어민주당 정청래, 김민석 의원이 3일 오후 서울 용산구 서울드래곤시티호텔에서 열린 더불어민주당 제22대 후반기 국회 대비 국회의원 워크숍에서 악수를 하며 인사를 나누고 있다.",https://www.dailian.co.kr/news/view/1663191/?sc=Naver
2026-07-03 15:12,김민석,2026-07-03 15:09,"한병도 “李 정부 국정과제 입법, 연말까지 마무리할 것”","김민석 전 총리와 정청래 전 대표, 송영길 의원 등 차기 당권 주자들도 한자리에 모였다. 한 직무대행은 “후반기 국회는 쉼 없이 달리면서 일하는 만큼 성과를 만드는 국회가 될 것”이라며 “무엇보다 민주당은 이재명...",https://www.sedaily.com/article/20063536?ref=naver
2026-07-03 15:12,김민석,2026-07-03 15:11,인사 나누는 민주당 김민석-정청래 의원,"더불어민주당 정청래, 김민석 의원이 3일 오후 서울 용산구 서울드래곤시티호텔에서 열린 더불어민주당 제22대 후반기 국회 대비 국회의원 워크숍에서 악수를 하며 인사를 나누고 있다.",https://www.dailian.co.kr/news/view/1663192/?sc=Naver
2026-07-03 15:20,김민석,2026-07-03 15:16,"'김민석-송영길-정청래, 민주당 차기 당대표는 누구?'","더불어민주당 정청래, 송영길, 김민석 의원 등이 3일 오후 서울 용산구 서울드래곤시티호텔에서 열린 더불어민주당 제22대 후반기 국회 대비 국회의원 워크숍에서 피켓을 들고 구호를 외치며 기념촬영을 하고 있다.",https://www.dailian.co.kr/news/view/1663198/?sc=Naver
2026-07-03 15:20,김민석,2026-07-03 15:16,[뉴스 다이브] 이 대통령 지지율 반등,"정청래·김민석·송영길 총출동/미 하원 쪽 ‘한국, 쿠팡 차별’ 보고서…정부 “일방적 주장”/윤석열 “선관위 계엄군 투입은 보안점검 차원” 주장/특검, 윤석열 ‘체포 방해’ 9일 선고 중계 요청/국회 문체위...",https://www.hani.co.kr/arti/politics/politics_general/1266619.html
2026-07-03 15:20,김민석,2026-07-03 15:17,더불어민주당 제22대 후반기 국회 대비 국회의원 워크숍,"더불어민주당 한병도 당대표 직무대행 겸 원내대표, 김민석, 정청래, 송영길 의원, 한성숙 국무총리, 강훈식 대통령 비서실장 등이 3일 오후 서울 용산구 서울드래곤시티호텔에서 열린 더불어민주당 제22대 후반기 국회...",https://www.dailian.co.kr/news/view/1663200/?sc=Naver
2026-07-03 15:20,김민석,2026-07-03 15:18,[영상] ‘김민석·정청래’ 관심 쏠리자... “계속 이러면!!!” 빵 터진...,2026년 7월 3일 서울드래곤시티호텔에서더불어민주당 후반기 국회 대비 국회의원 워크숍이 진행되었다. 진실언론 팩트TV가 독자 여러분의 소중한 제보를 받습니다.뉴스 가치나 화제성이 있다고 판단되는 영상을 ()으로,http://facttv.kr/facttvnews/detail.php?number=45626&thread=21r02
2026-07-03 15:20,김민석,2026-07-03 15:18,악수하는 한병도·김민석,더불어민주당 한병도 대표 직무대행 겸 원내대표와 김민석 전 국무총리가 3일 서울 용산구 한 호텔에서 열린 민주당 국회의원 워크숍에서 악수하고 있다 2026.7.3,https://www.yna.co.kr/view/PYH20260703101800013?input=1196m
2026-07-03 15:30,김민석,2026-07-03 15:25,한성숙 총리 향해 엄지 들어보이는 김민석 전 총리,김민석 전 총리가 3일 서울 용산구 서울드래곤시티에서 열린 22대 후반기 국회 대비 더불어민주당 국회의원 워크숍에서 한성숙 국무총리를 향해 엄지를 들어보이고 있다. 2026.7.3/뉴스1,https://www.news1.kr/photos/7991211
2026-07-03 15:30,김민석,2026-07-03 15:26,[포토] 인사 나누는 김민석 전 국무총리-송영길 의원,김민석 전 국무총리와 더불어민주당 송영길 의원이 3일 서울 용산구 한 호텔에서 열린 민주당 국회의원 워크숍에 참석해 인사하고 있다.,http://www.inews24.com/view/1982313
2026-07-03 15:30,김민석,2026-07-03 15:29,[포토] 인사하는 정청래-김민석,정청래(왼쪽) 더불어민주당 전 대표와 김민석 전 총리가 3일 서울 용산구 한 호텔에서 열린 민주당 국회의원 워크숍에 참석해 인사하고 있다.,http://www.inews24.com/view/1982315
2026-07-03 15:30,김민석,2026-07-03 15:29,정청래·김민석 인사 바라보는 송영길,정청래 전 더불어민주당 대표와 김민석 전 총리가 3일 서울 용산구 서울드래곤시티에서 열린 22대 후반기 국회 대비 더불어민주당 국회의원 워크숍에서 인사하고 있다. 가운데는 송영길 전 대표. 2026.7.3/뉴스1,https://www.news1.kr/photos/7991218
2026-07-03 15:30,김민석,2026-07-03 15:30,밝은 표정의 정청래-송영길-김민석 [포토],"정청래 전 더불어민주당 대표와 송영길 의원, 김민석 전 국무총리(왼쪽부터)가 3일 오후 서울 용산구 서울드래곤시티에서 열린 22대 후반기 국회 대비 국회의원 워크숍에 참석해 미소를 짓고 있다. 사진영상기획부",https://news.tf.co.kr/read/photomovie/2339510.htm
2026-07-03 15:40,김민석,2026-07-03 15:35,국회의원 워크숍 참석한 민주당 차기 당권주자들,"정청래 전 더불어민주당 대표와 송영길 전 대표, 김민석 전 총리가 3일 서울 용산구 서울드래곤시티에서 열린 22대 후반기 국회 대비 더불어민주당 국회의원 워크숍에서 한병도 대표 직무대행의 인사말을 경청하고...",https://www.news1.kr/photos/7991262
2026-07-03 15:40,김민석,2026-07-03 15:36,"[단독] ""후단협은 단일화 작전…최대 피해자는 김민석""","피해자가 김민석 전 국무총리였다는 당시 핵심 관계자들의 증언이 재조명되고 있다. 8·17 더불어민주당... 김민석 의원과 나는 피해자""라고 증언했다. ""盧 약체로 보여야 정몽준 단일화 응한다""…기획된 작전 주장 송 전...",https://www.sisaon.co.kr/news/articleView.html?idxno=202405
2026-07-03 15:40,김민석,2026-07-03 15:38,정청래·송영길·김민석 한자리에…8월 전대 앞 당권 경쟁 본격화 [쿠키...,"더불어민주당 차기 당대표 선출을 앞두고 당권 주자로 거론되는 정청래 전 대표, 송영길 전 대표, 김민석 전 국무총리가 3일 한자리에 모였다. 민주당은 이날 서울 용산구 서울드래곤시티호텔에서 국회의원 워크숍을 열고...",https://www.kukinews.com/article/view/kuk202607030099
2026-07-03 15:40,김민석,2026-07-03 15:38,"송영길 ""檢보완수사권 정치 무기화 바람직하지 않아""","대화하는 정청래·김민석·송영길(서울=연합뉴스) 이동해 기자 = 더불어민주당 정청래 전 대표(왼쪽부터)와 송영길 의원, 김민석 전 국무총리가 3일 서울 용산구 한 호텔에서 열린 더불어민주당 국회의원 워크숍에서...",https://news.einfomax.co.kr/news/articleView.html?idxno=4423307
2026-07-03 15:40,김민석,2026-07-03 15:39,'일하는 국회' 민주당 워크숍...정청래-송영길-김민석 한 자리에 [TF사진...,"이날 열린 워크숍에는 더불어민주당 8·17 전당대회 당대표 선거 유력 주자로 꼽히는 정청래 전 더불어민주당 대표와 김민석 전 국무총리, 송영길 의원이 한자리에 모였다. 사진영상기획부",https://news.tf.co.kr/read/photomovie/2339526.htm
2026-07-03 15:50,김민석,2026-07-03 15:43,"민주당 의원 워크숍, 기념촬영하는 김민석·정청래·송영길","3일 서울 용산구 서울드래곤시티호텔에서 열린 더불어민주당 제22대 후반기 국회 대비 국회의원 워크숍에서 한성숙 국무총리와 강훈식 대통령비서실장, 정청래 전 대표, 송영길 의원, 김민석 전 총리 등 참석자들이...",https://www.nocutnews.co.kr/news/6542830?utm_source=naver&utm_medium=article&utm_campaign=20260703034210
2026-07-03 15:50,김민석,2026-07-03 15:43,"돌아온 홍명보·손흥민…""스타벅스 가야지"" 후폭풍[노컷한컷]",인천공항=황진환 기자 국회 복귀하는 김민석…당권 레이스 초읽기 김민석 국무총리가 1일 오전 서울 종로구 정부서울청사에서 열린 제49대 국무총리 이임식을 마친 후 청사를 나서고 있다. 이임식을 끝으로 총리직을...,https://www.nocutnews.co.kr/news/6542829?utm_source=naver&utm_medium=article&utm_campaign=20260703034210
2026-07-03 15:50,김민석,2026-07-03 15:46,환하게 웃는 정청래-송영길-김민석,"더불어민주당 정청래 전 대표와 송영길 의원, 김민석 전 총리가 3일 서울 용산구 서울드래곤시티호텔에서 열린 제22대 후반기 국회 대비 국회의원 워크숍에 참석해 밝은 표정으로 대화를 하고 있다.",https://www.nocutnews.co.kr/news/6542835?utm_source=naver&utm_medium=article&utm_campaign=20260703034510
2026-07-03 15:50,김민석,2026-07-03 15:48,"[여담야담] ""정청래 당선 땐 당청 관계 위험?"" 질문에…한민수 '발끈' 이...","하락 추세는 맞아…민주 내분·대통령 독선이 원인"" 양만희 / SBS 논설위원 ""경선 흐름 만드는 차원에서 시작 지역 중요…김민석, 문제 제기 가능성"" ※ 자세한 내용은 동영상으로 확인하실 수 있습니다.",https://news.sbs.co.kr/news/endPage.do?news_id=N1008640717&plink=ORI&cooper=NAVER
2026-07-03 15:50,김민석,2026-07-03 15:50,"박찬운 ""檢 보완수사권 폐지, 민주당 정부 위기 시작""","박 교수는 ""최근 김민석 전 총리가 보완수사권 폐지 추진을 분명히 밝혔고, 수사·기소 분리를 선명하게 주장해 온 서영교 의원이 법사위원장으로 선출됐다"" ""이는 여당이 보완수사권 폐지를 담은 형사소송법 개정안을...",https://www.newsverse.kr/news/articleView.html?idxno=10861
2026-07-03 16:00,김민석,2026-07-03 15:52,한자리에 모인 민주당 차기 당권 주자들,"정청래(왼쪽부터), 송영길, 김민석 더불어민주당 의원이 3일 오후 서울 용산구 서울드래곤시티호텔에서 열린 제22대 후반기 국회 대비 국회의원 워크숍에 참석해 대화를 나누고 있다. 2026.07.03 mironj19...",https://www.newspim.com/news/view/20260703000750
2026-07-03 16:00,김민석,2026-07-03 15:53,백악관 나서자 靑도 “사실 아냐” 참전...한·미 진실 게임 번진 쿠팡 사태 | 중앙일보,보고서는 JD 밴스 미 부통령이 지난 1월 김민석 국무총리를 만나 쿠팡을 포함한 미 기술기업을 표적으로 삼는 문제를 거론하며 “경고했다”고도 적었다. 반면 김 총리는 당시 회동 직후 “밴스 부통령이 쿠팡 개인정보...,https://www.joongang.co.kr/article/25442234
2026-07-03 16:00,김민석,2026-07-03 15:55,국민의례하는 정청래-송영길-김민석,"정청래(왼쪽부터), 송영길, 김민석 더불어민주당 의원이 3일 오후 서울 용산구 서울드래곤시티호텔에서 열린 제22대 후반기 국회 대비 국회의원 워크숍에서 국민의례를 하고 있다. 2026.07.03 mironj19@newspim.com",https://www.newspim.com/news/view/20260703000756
2026-07-03 16:00,김민석,2026-07-03 15:55,더불어민주당 국회의원 워크숍,"한병도 더불어민주당 대표 직무대행 겸 원내대표와 강훈식 대통령비서실장, 정청래, 송영길 전 대표, 김민석 전 국무총리를 비롯한 소속 의원들이 3일 오후 서울 용산구 서울드래곤시티호텔에서 열린 제22대...",https://www.newspim.com/news/view/20260703000757
2026-07-03 16:00,김민석,2026-07-03 15:55,"정청래-송영길-김민석, '민주당 차기 당권 주자들'","정청래(왼쪽부터), 송영길, 김민석 더불어민주당 의원이 3일 오후 서울 용산구 서울드래곤시티호텔에서 열린 제22대 후반기 국회 대비 국회의원 워크숍에 참석해 있다. 2026.07.03 mironj19@newspim.com",https://www.newspim.com/news/view/20260703000758
2026-07-03 16:10,김민석,2026-07-03 16:05,한자리 모인 민주 당권주자 3인방…나란히 앉았지만 긴장감 팽팽,이기림 남해인 장성희 기자 = 더불어민주당이 8·17 전당대회를 앞두고 3일에 진행된 국회의원 워크숍에 당권주자로 분류되는 김민석 전 국무총리와 정청래·송영길 전 대표가 나란히 한자리에 앉아 관심을 끌었다. 최근...,https://www.news1.kr/politics/assembly/6217243
2026-07-03 16:10,김민석,2026-07-03 16:06,민주당 의원 워크숍…김민석·송영길·정청래 한 자리에 [현장영상],오늘(3일) 오후 더불어민주당이 서울 용산구의 서울드래곤시티호텔에서 '22대 후반기 국회 대비 국회의원 워크숍'을 열었습니다. 오는 8월 전당대회를 앞두고 당권주자들도 한 자리에 모였는데요. 현장영상으로...,https://www.ichannela.com/news/main/news_detailPage.do?publishId=000000537792
2026-07-03 16:10,김민석,2026-07-03 16:06,최은석 국힘 수석대변인 “선관위 방탄·정치 압박·세금 특검” 비판,"그러면서 그는 “이번 결정이 과연 기업의 자율적 경영 판단에 따른 것인지, 아니면 김민석 대표를 당대표로 만들기 위한 정치적 야욕이 기업의 투자 원칙마저...",http://www.breaknews.com/1219050
2026-07-03 16:10,김민석,2026-07-03 16:07,한자리 모인 與 당권 주자 3인방... 화기애애 했지만 물밑선 ‘대격돌’,"민주당 워크숍서 나란히 착석 김·송, 지선 패배·보완수사권 놓고 정청래지도부 실책 견제 정, 5·18 묘역 참배 등 사흘간 호남 행보 더불어민주당 차기 당대표 선거 유력 주자인 김민석 전 국무총리, 정청래 전 대표, 송영길...",https://www.mk.co.kr/article/12089943
2026-07-03 16:10,김민석,2026-07-03 16:08,"김민석 ""민주당 혁신해야… 집권당 역할 강화할 때""",|중앙이코노미뉴스 엄현식 기자|더불어민주당 당권 주자로 거론되는 김민석 전 국무총리가 2일 충북 청주시 SK하이닉스 4캠퍼스를 방문해 가진 간담회에서 발언하고 있다.  [사진=연합]  더불어민주당 당권 주자인 김민석...,https://www.joongangenews.com/news/articleView.html?idxno=530420
2026-07-03 16:20,김민석,2026-07-03 16:14,[포토] 악수하는 정청래-김민석,더불어민주당 정청래 의원과 김민석 의원이 3일 오후 서울 용산 서울드래곤시티호텔에서 열린 더불어민주당 후반기 국회 대비 국회의원 워크숍에 참석해 악수하고 있다.,https://www.newscj.com/news/articleView.html?idxno=3414289
2026-07-03 16:20,김민석,2026-07-03 16:16,[포토] 국회의원 워크숍 참석한 정청래-송영길-김민석,"더불어민주당 정청래(왼쪽부터), 송영길, 김민석 의원이 3일 오후 서울 용산 서울드래곤시티호텔에서 열린 더불어민주당 후반기 국회 대비 국회의원 워크숍에 참석해 자리하고 있다.",https://www.newscj.com/news/articleView.html?idxno=3414290
2026-07-03 16:20,김민석,2026-07-03 16:18,[포토] 환하게 웃는 정청래-송영길-김민석,"더불어민주당 정청래(왼쪽부터), 송영길, 김민석 의원이 3일 오후 서울 용산 서울드래곤시티호텔에서 열린 더불어민주당 후반기 국회 대비 국회의원 워크숍에 참석해 미소 짓고 있다.",https://www.newscj.com/news/articleView.html?idxno=3414291
2026-07-03 16:30,김민석,2026-07-03 16:24,인사 나누는 송영길 전 대표와 김민석 전 총리,김민석 전 총리와 송영길 전 대표가 3일 서울 용산구 서울드래곤시티에서 열린 22대 후반기 국회 대비 더불어민주당 국회의원 워크숍에서 인사하고 있다. 2026.7.3/뉴스1,https://www.news1.kr/photos/7991444
2026-07-03 16:30,김민석,2026-07-03 16:24,"국립울진해양과학관, '청렴보안관' 임명 및 반부패 교육 실시","인재경영팀 김민석 팀장을 비롯해 총 4명이 첫 청렴보안관으로 임명됐으며, 이들은 부서 간 청렴 시책을... 청렴보안관 대표로 나선 김민석 팀장은 ""청렴은 작은 실천이 모여 만들어지는 조직문화라고 생각한다""며...",https://news.bbsi.co.kr/news/articleView.html?idxno=4093009
2026-07-03 16:30,김민석,2026-07-03 16:26,"[여의도1번지] 이 대통령, 영남서 3번째 보고회…원 구성 놓고 정국 급랭","당권 주자로 거론되는 김민석 전 총리, 송영길 전 대표, 정청래 전 대표가 한 자리에 모여 관심이 집중됐습니다. 삼자대면이 이뤄질 경우, 어떤 상황이 연출될지, 무슨 이야기를 나눌지 주목되는데요? <질문 6> 장동혁 대표가...",http://www.yonhapnewstv.co.kr/news/MYH20260703162458fsq
2026-07-03 16:30,김민석,2026-07-03 16:26,인사하는 김민석-강훈식,김민석 전 국무총리와 강훈식 비서실장이 3일 서울 용산구 서울드래곤시티호텔에서 열린 후반기 국회 대비 국회의원 워크숍에서 인사를 하고 있다./사진=이용우 기자,https://www.gukjenews.com/news/articleView.html?idxno=3625752
2026-07-03 16:30,김민석,2026-07-03 16:30,정청래 “출마 선언 심사숙고 중”… ‘보완수사권 폐지’ 재차 강조,그러면서 “이 부분에 대해서 (김민석 전 국무총리와) 굳이 이야기할 필요는 없는 거 같다”며 “정부에서 법안을 언제 처리해달라고 하면 그 법을 제출하면서 요구해야 하는 건데 그런 게 없었다”고 강조했다.,https://biz.chosun.com/policy/politics/assembly/2026/07/03/2V24TMAYB5DUFHUJEAK4CEDKZ4/?utm_source=naver&utm_medium=original&utm_campaign=biz
2026-07-03 16:40,김민석,2026-07-03 16:30,당권주자 '삼자대면'...정청래 '우군' 김어준은 프랑스에? [앵커리포트],"오늘 민주당 의원 워크숍엔 김민석·송영길·정청래 당권 주자들도 참석해 삼자대면이 이뤄졌습니다. 흰 셔츠에 노타임 차림의 당권 주자들. 나란히 앉아 강연을 경청했는데요, 이에 앞서 장외 여론전도 활발했죠. [김민석...",https://www.ytn.co.kr/_ln/0101_202607031630553989
2026-07-03 16:40,김민석,2026-07-03 16:31,[정치 ON] 대통령 지지율 3주 만에 반등...부동산 정책 민심은?,"당권주자인 김민석 전 총리와 정청래 전 대표, 송영길 의원도 한 자리에 모였습니다. 이미 과열 조짐을... 김민석, 송영길 의원의 '협공'을 받고 있는정청래 전 대표의 '우군'이었던 김어준 씨는 프랑스 파리에서 식당을...",https://www.ytn.co.kr/_ln/0101_202607031631302625
2026-07-03 16:40,김민석,2026-07-03 16:32,"민주당 국회의원 워크숍 참석한 정청래, 김민석","더불어민주당 정청래 전 대표(왼쪽부터), 송영길 의원, 김민석 전 국무총리가 3일 서울 용산구 한 호텔에서 열린 민주당 국회의원 워크숍에 참석해 미소짓고 있다. 2026.7.3 [이승환기자]",https://www.mk.co.kr/article/12089963
2026-07-03 16:40,김민석,2026-07-03 16:34,"김민석 ""정청래 1년은 집권 야당…대대적 혁신해야""","""제대로 된 집권당 돼야…송영길과 공감대 넓다"" 더불어민주당 당권 주자인 김민석 전 국무총리가 전임 정청래 지도부에 대해 ""쉽게 말하면 집권야당""이라며 ""그래서 되겠는가""라고 공격했다. 김 전 총리는 3일 기독교방송...",https://www.pressian.com/pages/articles/2026070312414367453?utm_source=naver&utm_medium=search
2026-07-03 16:40,김민석,2026-07-03 16:34,악수하는 정청래 전 대표와 김민석 전 총리,더불어민주당 정청래 전 대표와 김민석 전 국무총리가 3일 서울 용산구 한 호텔에서 열린 민주당 국회의원 워크숍에 참석해 인사하고 있다. 2026.7.3 [이승환기자],https://www.mk.co.kr/article/12089965
2026-07-03 16:50,김민석,2026-07-03 16:46,한 테이블 앉은 與 당권주자 3인방…1인 1표·보완수사권 놓고 신경전,"단상에 가장 가까운 원형 헤드 테이블에는 정청래 전 대표와 송영길 전 대표, 김민석 전 총리가 나란히 앉았다. 강훈식 대통령비서실장과 한병도 원내대표, 한성숙 총리, 홍익표 청와대 정무수석도 헤드테이블에 앉았다....",https://biz.chosun.com/policy/politics/assembly/2026/07/03/RLYJFK7CFJBF5PD65Q26SBOKCM/?utm_source=naver&utm_medium=original&utm_campaign=biz
2026-07-03 16:50,김민석,2026-07-03 16:48,권리당원 표심이 승부처…정청래는 광주·김민석은 청주로,"정청래 전 대표는 광주를 찾아 호남 표심 결집에 나섰고, 김민석 전 국무총리는 첫 순회경선이 열리는 충청권에서 국정 성과와 지역균형발전 메시지를 앞세웠다. 정 전 대표는 2일 광주 오월어머니집을 방문해 “5월...",https://www.kukinews.com/article/view/kuk202607030077
2026-07-03 16:50,김민석,2026-07-03 16:48,[포토] 생각에 잠긴 정청래-김민석,"더불어민주당 정청래, 송영길 의원이 3일 오후 서울 용산 서울드래곤시티호텔에서 열린 더불어민주당 후반기 국회 대비 국회의원 워크숍에 참석해 생각에 잠겨 있다.",https://www.newscj.com/news/articleView.html?idxno=3414312
2026-07-03 16:50,김민석,2026-07-03 16:48,[포토] 악수하는 정청래-김민석,"더불어민주당 정청래, 송영길 의원이 3일 오후 서울 용산 서울드래곤시티호텔에서 열린 더불어민주당 후반기 국회 대비 국회의원 워크숍에 참석해 악수하고 있다.",https://www.newscj.com/news/articleView.html?idxno=3414314
2026-07-03 16:50,김민석,2026-07-03 16:49,"정청래 “보완수사요구권, 보완수사권 폐지하자는 뜻”",이는 당권 경쟁 주자인 김민석 전 국무총리의 보완수사요구권 언급에 따른 것이다. 김 전 총리는 이날 CBS라디오에 출연해 “보완수사요구권에 대해서는 정 전 대표와 여러 번 얘기했다”며 “정 전 대표도...,https://biz.heraldcorp.com/article/10797718?ref=naver
2026-07-03 17:00,김민석,2026-07-03 16:58,"김민석 ""다시 '이기는 민주당'으로 방향 전환해야""","""與는 '쟤네 나쁘다'는 식의 정치 해선 안 돼"" 더불어민주당 8·17 전당대회 출마 수순에 들어간 김민석 의원은 3일 ""다시 이기는 민주당으로 방향을 전환해야 한다""고 강조했다. 김 의원은 이날 오후 서울 용산구...",https://news.tf.co.kr/read/ptoday/2339606.htm
2026-07-03 17:10,김민석,2026-07-03 16:57,"김민석 ""보완수사권, 5월 처리 늦어졌지만 10월 공소청·중수청 차질 없어""","김승현 배정원 기자 = 김민석 전 국무총리가 3일 ""1인 1표제는 이미 도입됐기 때문에 더 논의할 필요가 없다.... [서울=뉴스핌] 정일구 기자 = 김민석 전 국무총리와 강훈식 대통령비서실장이 3일 오후 서울 용산구...",https://www.newspim.com/news/view/20260703000838
2026-07-03 17:10,김민석,2026-07-03 17:02,국회의원 워크숍 참석한 민주당 차기 당권주자들,"정청래 전 더불어민주당 대표와 송영길 전 대표, 김민석 전 총리가 3일 서울 용산구 서울드래곤시티에서 열린 22대 후반기 국회 대비 더불어민주당 국회의원 워크숍에서 한병도 대표 직무대행의 인사말을 경청하고 있다....",https://www.gukjenews.com/news/articleView.html?idxno=3625817
2026-07-03 17:10,김민석,2026-07-03 17:04,김민석 “민주당 체제 정비로 속도감 있게 변해야”,온라인 통해 ’100문 100답’ 추진 국무총리직 마치고 더불어민주당으로 복귀한 김민석 전 총리가 민주당의 개혁 방향을 밝혔다. 김 전 총리는 “다시 이기는 민주당으로 방향을 정립해야 한다”고 강조했다. 3일 서울...,https://biz.chosun.com/policy/politics/assembly/2026/07/03/VQFLJOHZGJGDZKLYH47MTL2UMY/?utm_source=naver&utm_medium=original&utm_campaign=biz
2026-07-03 17:10,김민석,2026-07-03 17:06,「M포토」 “민생·경제·성장” 구호 외치는 더불어민주당,"정청래·송영길·김민석 의원과 강훈식 대통령 비서실장, 한병도 더불어민주당 당대표 직무대행 겸 원내대표... 정청래·송영길·김민석 의원과 강훈식 대통령 비서실장, 한병도 더불어민주당 당대표 직무대행 겸 원내대표...",https://www.m-economynews.com/news/article.html?no=68410
2026-07-03 17:10,김민석,2026-07-03 17:07,김민석·정청래·송영길 한 테이블 ‘화기애애’…앞뒤론 공개 저격,"더불어민주당 8·17 전당대회 당권 도전에 나설 김민석 전 국무총리, 정청래 전 민주당 대표, 송영길 민주당 의원 등이 3일 민주당 국회의원 워크숍에서 대면했다. 한 테이블에 앉은 이들은 화기애애한 분위기 연출을...",https://www.seoul.co.kr/news/politics/2026/07/03/20260703500223?wlog_tag3=naver
2026-07-03 17:20,김민석,2026-07-03 15:30,겉옷 벗는 김민석-송영길,김민석 전 국무총리와 송영길 더불어민주당 의원이 3일 서울 용산구 서울드래곤시티호텔에서 열린 후반기 국회 대비 국회의원 워크숍에서 겉옷을 벗고 있다. 2026.07.03. bjko@newsis.com,https://www.newsis.com/view/NISI20260703_0021349222
2026-07-03 17:20,김민석,2026-07-03 17:10,"[3일 오!정말] 민주당 한병도 ""5·18 당일 수많은 시민들이 아이들의 시신을 확인하고 울부짖었다""","이른바 보완수사 요구권에 대해 정청래 전 대표도 해야 하는 거 아니냐는 말을 여러 번 줬다."" (더불어민주당 차기 당권 주자로 꼽히는 김민석 더불어민주당 의원이 CBS라디오 '박성태의 뉴스쇼'에서 검찰개혁을 위한...",https://www.businesspost.co.kr/BP?command=article_view&num=441538
2026-07-03 17:20,김민석,2026-07-03 17:14,"정청래 ""전북 홀대 부추겨? 말 진의 비틀지 마라…언론에 유감""(종합)","그러자 또 다른 당권주자인 김민석 전 국무총리는 전날 SK하이닉스 공장을 찾아 ""호남 한 지역에 집중된 것이라는 오해가 있지만 수도권에만 편중된 대한민국 산업지도를 바꾸는 대전환의 승부수""라고 정 전 대표를 에둘러...",https://www.news1.kr/politics/assembly/6217416
2026-07-03 17:20,김민석,2026-07-03 17:15,"정청래, '전북홀대론 촉발' 논란에 ""도민 위로한 걸 어떻게…유감""","김민석 전 국무총리가 지난 5월 당에 보완수사권 폐지에 관한 검찰개혁안 처리를 제안했지만 당의 반대로 연기됐다고 밝힌 데 대해선 ""그런 제안을 들어본 적이 없다""며 ""(이 사안에 관해) 당정이 공론화하는 과정을...",https://www.yna.co.kr/view/AKR20260703133300001?input=1195m
2026-07-03 17:20,김민석,2026-07-03 17:17,"김민석·정청래,",더불어민주당 당권 도전 가능성이 점쳐지는 김민석 전 국무총리와 정청래 전 대표가 검찰 보완수사권 문제 등을 두고서 공방을 벌였다. 정 전 대표는 3일 이날 서울 용산구 서울드래곤시티호텔에서 진행된 민주당 22대...,https://view.asiae.co.kr/article/2026070317175492878
2026-07-03 17:21,김민석,2026-07-03 17:18,"김민석 ""李대통령, 지방선거 결과에 표정 관리 안 될 정도...민주당 전면...",김민석 전 국무총리가 라디오 인터뷰에서 지방선거 이후 청와대 분위기를 전하며 민주당의 대대적인 혁신과 속도감 있는 입법 지원을 촉구했다.3일 김 전 총리는 CBS 라디오 '박성태의 뉴스쇼'에 출연해 지방선거 패배 이후...,https://www.insight.co.kr/news/561476
2026-07-03 17:21,김민석,2026-07-03 17:18,"한자리 모인 與 당권주자, 보완수사권·전북홀대론 등 두고 신경전","김민석 전 국무총리, 송영길 전 대표, 정청래 전 대표(가나다 순)가 한자리에 모였다. 이들은 보완수사권 폐지와 전북 홀대론 등을 두고 신경전을 이어갔다. 정청래(왼쪽부터), 송영길 더불어민주당 전 대표와 김민석 전...",https://www.edaily.co.kr/news/newspath.asp?newsid=04513286645510912
2026-07-03 17:30,김민석,2026-07-03 17:20,"[현장] 민주당 워크숍은 당내 갈등 덮고 화기애애 했다, ""이재명 정부 뒷받침"" 한목소리",오는 8월 열릴 전당대회에서 당권 도전에 나설 김민석 전 국무총리가 워크숍 장소에 도착하자 의원들은 물론 취재진의 관심이 쏟아졌다. 김 전 총리는 오랜만에 만난 의원들과 악수하며 안부를 나눴고 일부 의원들이...,https://www.huffingtonpost.kr/article/258451
2026-07-03 17:30,김민석,2026-07-03 17:20,한 테이블 앉은 與 당권주자들…전대 앞두고 미묘한 신경전,"워크숍에는 당대표 출마가 거론되는 정청래 전 대표와 송영길 의원, 김민석 전 총리가 나란히 참석했다. 행사장 앞줄 원형 테이블에는 세 사람과 함께 강훈식 대통령 비서실장, 한병도 원내대표, 한성숙 국무총리 등이...",https://www.etoday.co.kr/news/view/2600157
2026-07-03 17:30,김민석,2026-07-03 17:21,"김민석 ""보완수사권 5월 처리 요청"" vs 정청래 ""기억 못해""","""들어본 적도 없고 그런 기억도 없어"" ""김민석과 굳이 이야기 할 필요는 없는 것 같아"" 정청래 전 더불어민주당 대표가 김민석 전 국무총리의 '정부는 보완수사권 폐지 법안을 5월 처리해 달라고 요청했지만 민주당이...",https://news.tf.co.kr/read/ptoday/2339623.htm
2026-07-03 17:30,김민석,2026-07-03 17:22,"'전북소외론·1인1표제 흔들기' 선 그은 정청래 ""일점일획이라도 흔들려선 안 돼""","아울러 또 다른 당권주자인 김민석 전 국무총리와의 진실공방으로까지 번졌던 '형사소송법 개정안 5월 처리 제안'에 대해서 정 전 대표는 ""그런 제안을 들어본적이 없다""고 잘라 말했다. 지난달 28일 김 전 총리는 경기...",https://www.dailian.co.kr/news/view/1663299/?sc=Naver
2026-07-03 17:31,김민석,2026-07-03 17:23,"김민석 ""출마 문제 조만간 확정…집권당, 통합·확장으로 지지기반 확대해야""","김난영 권신혁 기자 = 8월 전당대회 등판을 앞둔 김민석 전 국무총리가 ""집권당은 결국 성과를 통해 국민의 지지를 얻고 통합과 확장을 통해 지지 기반을 확대하는 게 기본 임무""라고 외연 확장을 재강조했다. 김 전 총리는...",https://www.newsis.com/view/NISX20260703_0003695431
2026-07-03 17:40,김민석,2026-07-03 17:30,"민주당, 후반기 국회 워크숍 개최…""이 정부 국정과제 차질 없이 완수""","특히 정청래 전 대표와 김민석 전 국무총리, 송영길 의원 등 전당대회 주자들은 단상 맨 앞줄에 지도부와 같은 자리에 나란히 앉으면서 관심을 끌었습니다. 참석자들은 '일하는 국회', '민생·경제·성장'이라고 적힌...",https://news.sbs.co.kr/news/endPage.do?news_id=N1008640950&plink=ORI&cooper=NAVER
2026-07-03 17:40,김민석,2026-07-03 17:30,"김민석·정청래 '보완수사권 5월 처리 제안' 진실공방…""당에 전달됐다"" ""기억 없다""","정금민 한재혁 권신혁 김윤영 기자 = 정청래 더불어민주당 전 대표가 3일 '2차 검찰개혁안(형사소송법)을 5월에 처리하자고 당에 제안했다'는 김민석 전 국무총리 발언에 대해 ""그런 기억이 없다""고 말했다. 이에 김 전...",https://www.newsis.com/view/NISX20260703_0003695450
2026-07-03 17:40,김민석,2026-07-03 17:30,"'1인1표' 논란 재점화…정청래 ""흔들기 안 돼"" 김민석 ""충돌 없다""","한편 김민석 전 국무총리는 1인1표제에 대한 충돌이 없다고 일축했다. 김 전 총리는 이날 워크숍 중 기자들과 만나 ""1인1표제에 대해서는 이미 (얘기가) 끝났고 충돌 없는 문제라고 본다""며 ""저도 1인1표제를 원래 주장하던...",https://www.mt.co.kr/politics/2026/07/03/2026070316293187317
2026-07-03 17:40,김민석,2026-07-03 17:32,"정청래 ""내가 '전북 홀대론' 부추겨?…도민 위로한 것""","김민석 전 국무총리가 지난 5월 당에 보완수사권 폐지에 관한 검찰개혁안 처리를 제안했지만 당의 반대로 연기됐다고 밝힌 데 대해선 ""그런 제안을 들어본 적이 없다""며 ""당정이 공론화하는 과정을 거치자는 이야길 했다는...",https://news.tvchosun.com/site/data/html_dir/2026/07/03/2026070390254.html
2026-07-03 17:40,김민석,2026-07-03 17:35,친청은 ‘전북 소외론’ 띄우지만…靑 ‘호남 반도체’ 속도감 강조,또 다른 당권 주자인 김민석 전 국무총리는 전날 청주 SK하이닉스를 방문해 “당과 국회도 메가프로젝트를 지원해서 성공시키는 것을 최우선 과제로 해야 한다”며 ‘당정 원팀’을 강조했다. 여권 내 일부 엇박자에도...,https://www.joongang.co.kr/article/25442260
2026-07-03 17:40,김민석,2026-07-03 17:36,김민석·정청래·송영길 '삼자대면'…출마 시점 놓고 눈치싸움,"의원-김민석 전 총리(서울=연합뉴스) 신현우 기자 = 더불어민주당 정청래 전 대표(왼쪽부터), 송영길 의원, 김민석 전 국무총리가 3일 서울 용산구 한 호텔에서 열린 민주당 국회의원 워크숍에 참석해 있다. 2026.7.3 nowwego...",https://news.einfomax.co.kr/news/articleView.html?idxno=4423331
2026-07-03 17:40,김민석,2026-07-03 17:36,"與 당권주자 김민석·정청래·송영길 ""출마 시기 고민 중…곧 발표할 것""","김민석, 의원 워크숍서 ""보완수사권 폐지, 속도감 있게 논의하자"" 정청래 ""檢에 수사권 주면 안 돼""…송영길... com 더불어민주당 정청래 전 대표(왼쪽부터), 송영길 의원, 김민석 전 국무총리가 3일 서울 용산구 한 호텔에서...",https://www.ajunews.com/view/20260703172125487
2026-07-03 17:40,김민석,2026-07-03 17:38,"정청래-김민석, 다시 불붙은 '보완수사권 5월 처리' 제안설 진실공방",이기림 장성희 기자 전지아 수습기자 = 더불어민주당 당권주자인 김민석 전 국무총리와 정청래 전 당대표가 검찰개혁 법안 처리 시점을 두고 또다시 공방을 벌였다. 김 전 총리가 최근 '정부가 5월에 2차 검찰개혁안을...,https://www.news1.kr/politics/assembly/6217434
2026-07-03 17:40,김민석,2026-07-03 17:39,‘웃고 있지만’…與 당권 주자들의 불편한 동석,"정청래(왼쪽부터) 더불어민주당 전 대표와 송영길 의원, 김민석 전 국무총리가 3일 서울 용산구 서울그래곤시티호텔에서 열린 후반기 국회 대비 민주당 국회의원 워크숍에 참석하고 있다.",https://www.sedaily.com/article/20063619?ref=naver
2026-07-03 17:50,김민석,2026-07-03 17:49,"정부여당, 부동산·연금·기후·균형발전 '4대 핵심 관리 의제' 설정","적힌 손팻말을 들고 단체 기념사진을 촬영했다. 정청래 전 대표와 김민석 전 국무총리, 송영길 의원 등 8·17 전당대회 주자들은 단상 맨 앞줄에 마련된 자리에 당 지도부들과 함께 앉아 언론의 주목을 받았다.",http://www.joseilbo.com/news/news_read.php?uid=571264&class=32&grp=
2026-07-03 18:00,김민석,2026-07-03 17:51,"정청래 ""보완수사권 폐지...검사에 '확인권' 주면 돼""","'정부가 보완수사권 폐지에 대해 5월 중 처리를 요청했지만, 당이 거부했다'는 김민석 전 국무총리의 주장과 관련해선 ""그런 제안을 들어본 적이 없다""며 ""법안을 제출한 적도 없고, 내가 본 적도 없다""고 반박했다. 그러면서...",http://www.inews24.com/view/1982381
2026-07-03 18:00,김민석,2026-07-03 17:54,[이경립 편집위원] 위기의 이재명 대통령을 구할 사람은 누구인가?,"이재명 대통령은 지난달 30일 김민석 당시 국무총리가 마지막으로 참여한 국무회의에서 ""우리 김민석 총리님 그동안 고생 많으셨다. 정말로 크게 국정에 도움이 됐고 전체적인 지휘를 너무 잘해주셨다.""라며, 입에 침이...",https://www.ilyoseoul.co.kr/news/articleView.html?idxno=519388
2026-07-03 18:01,김민석,2026-07-03 17:55,"與 당권주자들, 보완수사권 진실게임…1인1표제·전북 소외론 설전도","더불어민주당 당권 주자인 정청래 전 대표와 김민석 전 국무총리, 송영길 의원이 3일 국회의원 워크숍에서 검찰의 보완 수사권 폐지, 당원 1인 1표제 개정 등 주요 현안을 놓고 신경전을 벌였다. 당 소속 의원들이 한자리에...",https://www.sedaily.com/article/20063635?ref=naver
2026-07-03 18:01,김민석,2026-07-03 17:55,"정청래 ""전북 소외 부추겼단 논란 유감...도민 위로한 것""","정 전 대표는 '검찰개혁' 쟁점인 보완수사권 폐지와 관련해선 보완수사요구권만 준다는 뜻이라면서, 김민석 전 국무총리가 지난 5월 당에 검찰개혁안 처리를 제안했다는 것 역시 들어본 적 없다고 거듭 부인했습니다.",https://www.ytn.co.kr/_ln/0101_202607031755148204
2026-07-03 18:01,김민석,2026-07-03 17:56,앞에선 웃고 뒤에선 날세운 김·송·정…‘김·송 연대’는 균열 조짐,"8·17 더불어민주당 전당대회 당권 주자인 김민석 전 국무총리와 송영길 의원, 정청래 전 대표가 3일 민주당... 송 의원과 가까운 의원은 “김민석·송영길 중 한 명이 결선에 가면 ‘정청래 2기’를 막기 위해 연합을 할 것”...",https://www.joongang.co.kr/article/25442264
2026-07-03 18:01,김민석,2026-07-03 17:56,"민주당, 국회의원 워크숍 개최…""일하는 국회""",차기 당권에 도전하는 김민석 전 국무총리와 송영길 의원 그리고 정청래 전 대표도 한 테이블에 나란히 앉아 눈길을 끌었습니다. 오늘 워크숍은 국회 후반기 원내 운영전략과 입법과제를 마련하고 이재명 정부 2년차...,https://www.natv.go.kr/natv/news/newsView.do?newsId=513680
2026-07-03 18:01,김민석,2026-07-03 17:56,"정청래가 '정부 검찰개혁안 5월 국회 제출' 진실공방 못박았다, ""법안을 가져와야 되는데 없었다""",정 전 대표는 '정부안 5월 제출설'에 대해 김민석 전 국무총리와 대화를 할 필요가 없을 만큼 사실관계가 명확하다고 거듭 강조했다. 전당대회 출마 여부와 발표 시점에 대해선 고민하고 있다고 밝혔다. 정청래 전 민주당...,https://www.huffingtonpost.kr/article/258459
2026-07-03 18:01,김민석,2026-07-03 17:56,"정청래·김민석, 전대 앞 ‘1인1표제’ 한 목소리...보완수사권은 공방",더불어민주당 차기 당권 주자로 거론되는 정청래 전 대표와 김민석 전 국무총리는 3일 ‘1인1표제’를... 더불어민주당 정청래 전 대표와 김민석 전 국무총리가 3일 서울 용산구 한 호텔에서 열린 민주당 국회의원...,https://www.mediapen.com/news/view/1108128
2026-07-03 18:01,김민석,2026-07-03 17:58,"與 당권주자 3인방 한자리에 … 金·宋, 정청래 강경노선 견제","김민석, 鄭대표 1년에 ""아쉬워"" 송영길, 호남반도체에 환영을 鄭, 사흘째 호남서 결집호소 더불어민주당 차기 당대표 선거의 유력 주자인 김민석 전 국무총리, 정청래 전 대표, 송영길 의원 등이 3일 민주당 워크숍에서...",https://www.mk.co.kr/article/12090127
2026-07-03 18:10,김민석,2026-07-03 15:59,"[사사건건] 민주당 의원 워크숍, 내부 갈등 해소 단초될까?","보시는 것처럼 당 대표에 출마할 것으로 예상되는 김민석, 송영길, 정청래, 세 사람 모두 한자리에... 먼저 김민석 전 총리는 민주당이 집권 야당이냐, 대대적인 혁신을 해야 한다고 강조했습니다. <녹취> 김민석 / 전...",https://news.kbs.co.kr/news/pc/view/view.do?ncd=8601663&ref=A
2026-07-03 18:10,김민석,2026-07-03 18:00,"[데일리 B컷] '송영길·김민석, 나 빼고 대화하지마'",송영길·김민석·정청래 의원이 3일 오후 서울 용산구 서울드래곤시티호텔에서 열린 더불어민주당 제22대 후반기 국회 대비 국회의원 워크숍에서 환하게 웃으며 대화를 하고 있다. 이날 워크숍에서 송영길·김민석 의원이...,https://www.dailian.co.kr/news/view/1663215/?sc=Naver
2026-07-03 18:10,김민석,2026-07-03 18:01,"당권 레이스 속 또 호남 찾은 정청래…""순천시민께 진심으로 감사""","반면, 김민석 국무총리는 당 복귀 후 첫 공식 행보로 충북 청주의 SK하이닉스 반도체 공장을 방문하며 경제 현장 행보를 시작했다. ※CBS노컷뉴스는 여러분의 제보로 함께 세상을 바꿉니다. 각종 비리와 부당대우...",https://www.nocutnews.co.kr/news/6542976?utm_source=naver&utm_medium=article&utm_campaign=20260703060011
2026-07-03 18:10,김민석,2026-07-03 18:02,"김민석·정청래, '보완수사권 폐지 정부 요구' 두고 또 충돌",뉴데일리 남수지 기자 = 유력 당권주자로 꼽히는 김민석 전 국무총리와 정청래 전 더불어민주당 대표가 '보완수사권 폐지 정부 요구'에 대해 또다시 상반된 의견을 내놨다. 김 전 총리는 다양한 경로로 당에 전달됐다고...,https://www.newdaily.co.kr/site/data/html/2026/07/03/2026070300195.html
2026-07-03 18:10,김민석,2026-07-03 18:02,"정청래-김민석, '이슈 선점' 전쟁","지난주까지 정청래 전 대표가 보완수사권 등을 쟁점화시키며 전당대회 이슈를 주도했다면, 이번엔 김민석 전 국무총리가 정 전 대표에 대한 '연임 적절성' 등을 꺼내며 반격에 나선 것이다. 이를 두고 정치권에선 김 전...",https://www.sisaweek.com/news/articleView.html?idxno=236517
2026-07-03 18:10,김민석,2026-07-03 18:02,"정청래·김민석, 워크숍서 '보완수사권 5월 처리' 진실공방","반면, 김민석 전 국무총리는 다양한 경로로 접근했다고 반박했습니다. 송영길 의원은 보완수사권 폐지 담론으로 당·정이 싸울 문제가 아니라고 일축했습니다. 정청래 전 민주당 대표, 송영길 의원, 김민석 전 국무총리가...",http://www.newstomato.com/ReadNews.aspx?no=1306112&inflow=N
2026-07-03 18:11,김민석,2026-07-03 18:02,"워크숍 모인 김민석·정청래·송영길, 1인1표제·보완수사권 놓고 시각차","더불어민주당의 차기 당권 주자인 정청래 전 대표, 김민석 전 국무총리, 송영길 의원이 3일 22대 후반기 국회... 쟁점 ①: 1인1표제…송영길 ""2030 세대별 가중치 검토"" 정청래 ""흔들기 안 돼"" 김민석 ""당원주권 확장...",https://www.sidae.com/article/2026070316494415540
2026-07-03 18:11,김민석,2026-07-03 18:06,[여론조사] “정청래? 김민석? 송영길? 당권 누가 쥘까?” 당심·민심으로 본 민주당 차기 당대표 선호도 분석,"이번 전대는 김민석 전 국무총리와 송영길 의원, 연임에 도전하는 정청래 전 대표간의 3파전으로 치러질 전망이다. 당권 도전 3인방. 뉴시스 - 8·17 전당대회 3파전 전망, '당심-민심' 따라 조사 결과 엇갈려 - '김민석...",https://www.ilyoseoul.co.kr/news/articleView.html?idxno=519407
2026-07-03 18:11,김민석,2026-07-03 18:06,"이재명系vs정청래系 ‘파묘(破墓)’ 전쟁, 8.17 전대 앞두고 與 분당 위기감 ‘고조","정청래·김민석·송영길 3파전 구도에 적통논쟁이 불거진 것은 물론 진보진영 최대 스피커인 유시민 작가와... 뉴시스 - 정청래, DJ·친노·친문 적자(嫡子) 부각 '대통령·김민석=서자(庶子)' 차별화 - 친명계, ""이재명 굴러온...",https://www.ilyoseoul.co.kr/news/articleView.html?idxno=519389
2026-07-03 18:11,김민석,2026-07-03 18:06,[중간점검] “또 용두사미?” ‘무법지대’ 중앙선관위 개혁 어떻게 되어가나?,헌재 결정으로 감사원을 통한 우회적인 압박과 감사가 불가능해지자 이재명 대통령과 김민석 전 국무총리는 물론 민주당은 헌법 제97조를 개정해 감사원의 직무감찰 대상 행정기관에 선관위를 명시적으로 포함하는 방안을...,https://www.ilyoseoul.co.kr/news/articleView.html?idxno=519382
2026-07-03 18:11,김민석,2026-07-03 18:08,"""5월에 당에 요청했는데""…鄭·金, 검찰개혁 시점두고 '진실공방'",더불어민주당 당권 도전 가능성이 점쳐지는 김민석 전 국무총리와 정청래 전 대표가 검찰 보완수사권 폐지 시점을 두고 신경전을 벌였다. 정 전 대표는 3일 이날 서울 용산구 서울드래곤시티호텔에서 열린 민주당 22대...,https://www.hankyung.com/article/202607034894H
2026-07-03 18:20,김민석,2026-07-03 18:07,"정청래·김민석·송영길, 웃으며 만났지만 보완수사권·1인1표제 두고 '신경전'","배정원 박서영 기자 = 더불어민주당 차기 당권주자인 정청래 전 대표, 김민석 전 국무총리, 송영길 의원이... [서울=뉴스핌] 정일구 기자 = 정청래(왼쪽부터), 송영길, 김민석 더불어민주당 의원이 3일 오후 서울 용산구...",https://www.newspim.com/news/view/20260703000912
2026-07-03 18:30,김민석,2026-07-03 18:19,김민석·정청래·송영길 한자리에...미소 속 '견제구',"다음 달 전당대회를 앞두고, 김민석, 정청래, 송영길 등 더불어민주당 유력 당권 주자들이 모처럼 한자리에... [기자] 161명 민주당 국회의원이 모인 워크숍, 김민석·정청래·송영길, 유력 당권 주자들이 한 테이블에...",https://www.ytn.co.kr/_ln/0101_202607031819565935
2026-07-03 18:30,김민석,2026-07-03 18:22,"앞에선 웃지만…金·宋·鄭, 물밑에선 신경전 치열","김민석 전 국무총리와 송영길 전 대표, 정청래 전 대표는 3일 서울 용산 드래곤시티호텔에서 열린 민주당 국회의원 워크숍에 참석했다. 좌석은 국회 상임위원회별로 배치됐지만 이들은 한성숙 국무총리, 한병도 민주당...",https://www.hankyung.com/article/2026070349351
2026-07-03 18:40,김민석,2026-07-03 18:34,"안에선 화기애애, 밖에선 날선공방…與워크숍 당권주자들 신경전","유력 당권주자로 거론되는 정청래 전 대표, 김민석 전 국무총리, 송영길 의원은 이날 서울 드래곤시티호텔에서 열린 후반기 국회운영 전략 논의를 위한 의원 워크숍에 모두 참석했다. 이들은 행사 시작 직전까지 한 명의...",https://www.yna.co.kr/view/AKR20260703146100001?input=1195m
2026-07-03 18:40,김민석,2026-07-03 18:38,한자리에 앉은 정청래·김민석·송영길… 통합 메시지 속 이견 재확인,"공개적인 충돌은 없었지만, 정청래 전 대표와 김민석 전 국무총리는 보완수사권 폐지 법안 처리 시점을 둘러싼 이견을 재확인했다. 통합 메시지에도 8·17 전당대회를 앞둔 당내 긴장감은 쉽게 가라앉지 않는 분위기다....",https://www.kukinews.com/article/view/kuk202607030142
2026-07-03 18:40,김민석,2026-07-03 18:39,정청래 “내가 ‘전북홀대론’ 촉발? 도민 위로한 걸…”,김민석 전 국무총리가 지난 5월 당에 보완수사권 폐지에 관한 검찰개혁안 처리를 제안했지만 당의 반대로 연기됐다고 밝힌 데 대해선 “그런 제안을 들어본 적이 없다”며 “(이 사안에 관해) 당정이 공론화하는 과정을...,https://www.munhwa.com/article/11600180?ref=naver
2026-07-03 18:50,김민석,2026-07-03 18:39,"정성호, 보완수사권 폐지 ""의원들이 논의""…정청래·김민석 ""신속 처리""","오는 8월17일 전당대회 당대표 선거에 출마할 것으로 예상되는 정청래 전 대표, 김민석 전 국무총리, 송영길 의원은 각각 전면 폐지, 신속 처리, 정치적 무기화 경계 등을 각각 강조하며 미묘한 시각차를 드러냈다. 정 장관은...",https://www.sidae.com/article/2026070318151794123
2026-07-03 18:50,김민석,2026-07-03 18:42,"정성호 ""보완수사권 폐지, '훌륭하신 의원 나리들'이 잘 논의해야""","당권 도전에 나선 김민석 전 국무총리는 지난달 25일 퇴임 전 검찰개혁 관련 브리핑을 통해 ""검사의 보완수사권은 폐지돼야 한다는 입장""이라며 ""정부가 별도의 입법안을 제시하기보다는 국회의 논의와 결정을 존중하도록...",http://www.inews24.com/view/1982395
2026-07-03 18:50,김민석,2026-07-03 18:45,"워크숍 집결한 당정청…핵심의제, 檢 개혁 아닌 부동산이었다",특히 헤드테이블에는 유력 당권 주자인 김민석·송영길·정청래 의원이 나란히 자리해 눈길을 끌었다. 당·정·청은 집권 2년 차를 맞은 이재명 정부의 국정 운영 키워드로 ‘속도’를 내세웠다. 올해 하반기 국회 운영...,https://www.joongang.co.kr/article/25442273
2026-07-03 19:00,김민석,2026-07-03 18:51,"""李와 방향 일치"" 강조한 김민석…'보완수사권 5월 폐지'엔 정청래와 대립","﻿8·17 더불어민주당 전당대회 등판을 앞둔 김민석 전 국무총리가 스스로를 ""이재명 정부와 방향이 같다""거나... 김민석 전 총리는 3일 서울 용산에서 열린 '22대 후반기 국회 대비 국회의원 워크숍' 중 기자들과 만나...",https://www.dailian.co.kr/news/view/1663326/?sc=Naver
2026-07-03 19:00,김민석,2026-07-03 18:52,與이언주 합성 음란물·성적 모욕 게시물에 병원 입원,"친정청래계를 겨냥한 ‘문조털래유(문재인·조국·김어준·정청래·유시민)’, 친명계를 겨냥한 ‘한강새똥돼주길(한준호·강득구·김민석·이동형·김용민·이언주·송영길)’ 등 지지층 사이에서 상대 진영을 비하하는...",https://www.chosun.com/politics/assembly/2026/07/03/J63RDVOMVBFLHHOAJ34OU53Z74/?utm_source=naver&utm_medium=referral&utm_campaign=naver-news
2026-07-03 19:01,김민석,2026-07-03 18:57,한자리 모인 당권주자 3인방… 장외선 鄭 vs 金·宋 신경전,"김민석 전 국무총리와 정청래 전 대표, 송영길 의원이 참석해 한성숙 국무총리, 강훈식 대통령 비서실장, 홍익표 청와대 정무수석과 함께 지도부 테이블에 나란히 앉았다. 8·17 전당대회를 45일 앞두고 각자 당권 행보를...",https://www.kmib.co.kr/article/view.asp?arcid=1783069704&code=11121100&cp=nv
2026-07-03 19:10,김민석,2026-07-03 19:06,민주 워크숍서 당권주자 3자 대면…입법 전략 속 전대 신경전,"의원, 김민석 전 국무총리가 3일 서울 용산구 한 호텔에서 열린 민주당 국회의원 워크숍에 참석해 있다. 사진=연합뉴스  더불어민주당 8·17 전당대회 당권주자로 거론되는 김민석 전 국무총리와 정청래 전 대표, 송영길...",https://daily.hankooki.com/news/articleView.html?idxno=1382754
2026-07-03 19:10,김민석,2026-07-03 19:08,"한자리 모인 김민석·정청래·송영길, 보완수사권 두고 ‘간접 신경전’","5월에 처리됐더라면 좀더 여유를 가질 수 있었을 텐데…” (김민석 전 국무총리) “분명히 말한다. 저는... 거론되는 김민석 전 총리, 정청래 전 대표, 송영길 의원이 3일 한자리에 모여 검찰개혁의 일환인 ‘공소청 검사에...",https://www.hani.co.kr/arti/politics/politics_general/1266675.html
2026-07-03 19:10,김민석,2026-07-03 19:09,"정청래·김민석, ‘보완수사권 5월 처리 요구 거부’ 진실공방",더불어민주당 차기 당권을 놓고 경쟁하는 정청래 전 대표와 김민석 전 국무총리가 검찰 보완수사권 폐지를 둘러싼 당정청의 입장을 두고 3일 진실공방을 벌였다. 보완수사권 폐지는 물론 사사건건 이들의 충돌이...,https://www.seoul.co.kr/news/politics/2026/07/03/20260703500248?wlog_tag3=naver
2026-07-03 19:20,김민석,2026-07-03 19:13,처음 마주 앉은 ‘與 당권 3인방’…웃는 게 웃는 게 아니다?,"민주당 의원 워크숍… 정청래·김민석·송영길 총출동 정청래·김민석·송영길, 與 당권주자 3인방 한자리에 당권주자 3인방, 흰 셔츠·노타이… 악수 및 기념 촬영",https://www.ichannela.com/news/main/news_detailPage.do?publishId=000000537811
2026-07-03 19:30,김민석,2026-07-03 19:23,한자리 모인 민주당 당권주자 3인…앞에선 화기애애 돌아서면 맹폭,"김민석 송영길 정청래 더불어민주당 차기 당권 주자 3인이 한자리에 모였습니다. 함께 있을 땐 화기애애한 모습이었지만, 돌아서면 뼈 있는 말들이 오갔습니다. 이준성 기자입니다. [기자] 민주당 의원 워크숍 자리, 김민석...",https://www.ichannela.com/news/main/news_detailPage.do?publishId=000000537842
2026-07-03 19:40,김민석,2026-07-03 19:31,"與, '李 국정과제 입법 속도전' 결의... 장외선 당권 주자 간 팽팽한 신경전-정치ㅣ한국일보","보완수사권 등 두고 당권주자 기싸움 김민석 전 국무총리, 정청래 전 대표, 송영길 의원 등 당권 주자들이 한자리에 모인 것도 이날 워크숍의 관전 포인트였다. 과열 경쟁에 대한 당 안팎의 우려를 의식한 듯, 가운데...",https://www.hankookilbo.com/news/article/A2026070316460001917?did=NA
2026-07-03 19:40,김민석,2026-07-03 19:31,민주 당권 주자들 한자리에…'전북 홀대·보완수사권' 놓고 신경전,"【 기자 】 후반기 국회 운영을 논의하는 민주당 워크숍에 당권 주자인 김민석 전 국무총리, 송영길 의원... ▶ 김민석 / 전 국무총리 - ""가장 중요한 것은 민주당이 다시 이기는 민주당으로의 방향 정립을 해야 된다고...",http://www.mbn.co.kr/pages/news/newsView.php?news_seq_no=5203744
2026-07-03 19:50,김민석,2026-07-03 19:39,與워크숍서 당권주자 한 테이블…장외선 檢수사권 등 신경전,"정청래 전 대표와 김민석 전 국무총리, 송영길 의원은 3일 오후 서울 용산에서 열린 의원 워크숍에 따로 도착했다. 당 소속 의원들이 한자리에 모인 가운데, 이들 세 주자도 연회장 곳곳에서 의원들과 인사를 나누며 친분을...",https://www.newsis.com/view/NISX20260703_0003695599
2026-07-03 19:50,김민석,2026-07-03 19:48,당권주자 3인 '한 테이블'…의외로 훈훈? 귓속말 주고받기도,"이들이 앉은 헤드 테이블에 차기 당권에 도전할 김민석 전 총리, 송영길·정청래 전 대표가 나란히... 봅니다.] 김민석 전 총리는 집권여당에는 상대를 끌어 안는 자세가 필요하다며, 그게 이재명 대통령의 방향이라는...",https://news.jtbc.co.kr/article/NB12306496?influxDiv=NAVER
2026-07-03 20:00,김민석,2026-07-03 19:50,[인사] 예산군...7월 8일자,김상아 △공공시설사업소 김민석 △관광시설사업소 정성민 △예산읍 배성욱 △예산읍 이강무 △삽교읍 김가연 △대술면 유지은 △대흥면 김태경 △봉산면 안다연 △오가면 오예진 ▲9급 전보 △안전관리과 백인상...,https://www.goodmorningcc.com/news/articleView.html?idxno=448468
2026-07-03 20:00,김민석,2026-07-03 19:50,당정청 워크숍서 '원팀' 강조…전대 주자들에 플래시 세례(종합),"이런 가운데 당권을 둘러싸고 날 선 공방을 벌인 정청래 전 대표와 김민석 전 국무총리, 송영길 의원이 한자리에 모이기도 했다. 이날 오후 서울 용산구 서울드래곤시티호텔에서 열린 워크숍에는 민주당 의원들을 비롯해...",https://www.yna.co.kr/view/AKR20260703125051001?input=1195m
2026-07-03 20:10,김민석,2026-07-03 20:01,"[속보] 이언주, 얼굴 합성 음란물·표현에 ‘충격’…“병원 입원”",친 정청래계를 겨냥한 ‘문조털래유(문재인·조국·김어준·정청래·유시민)’와 친명계를 지칭하는 ‘한강새똥돼주길(한준호·강득구·김민석·이동형·김용민·이언주·송영길)’ 등 진영 간 자존심을 건 싸움에서 상대방측...,https://www.dt.co.kr/article/12071022?ref=naver
2026-07-03 20:10,김민석,2026-07-03 20:04,"[비하인드 뉴스] 김민석 ""이 대통령 표정 관리 안 돼"" 그래서 그때 그런 말을…",김민석 의원이 총리를 마치기 직전의 비하인드를 공개했는데 지방선거 결과를 보고 이재명 대통령이 표정관리가 안 될 정도였다라고 소개했습니다. 상당히 충격받았다는 것이죠. ※ 자세한 내용은 영상을 통해 확인하실...,https://news.jtbc.co.kr/article/NB12306498?influxDiv=NAVER
2026-07-03 20:10,김민석,2026-07-03 20:05,한 테이블 앉은 정청래·김민석·송영길…보완수사권·1인 1표제 등 신경전,"더불어민주당 차기 당권 주자로 거론되는 정청래 전 대표와 김민석 전 국무총리, 송영길 의원이 오늘(3일)... 반면, 김민석 전 총리는 ""검찰 개혁 법안 처리는 누차 말했듯, 가급적 원래는 1, 2차로 나뉘어 있던 것을 1차 검찰...",https://news.kbs.co.kr/news/pc/view/view.do?ncd=8601834&ref=A
2026-07-03 20:10,김민석,2026-07-03 20:08,"""원팀으로 국정과제 완수""…더불어민주당, 당·정·청 워크숍 개최","이날 워크숍에 정청래 전 대표와 김민석 전 국무총리, 송영길 의원이 나란히 참석해 관심을 모았다. 송 의원이 가장 먼저 도착해 의원들과 인사를 나눴고, 뒤이어 김 전 총리와 정 전 대표도 입장해 자리를 돌며 의원들과...",https://www.ajunews.com/view/20260703195210590
2026-07-03 20:20,김민석,2026-07-03 20:09,"[폴리Shorts] 김민석 전 총리, 1인 1표제는 찬성, 보완은 차근차근 해 나가야 #현장취재 #김민석",김민석 전 총리는 3일 언론들과의 인터뷰에서 민주당 당원의 1인 1표제에 대해서 이야기하였다.,https://www.polinews.co.kr/news/articleView.html?idxno=735971
2026-07-03 20:20,김민석,2026-07-03 20:11,"[폴리Shorts] 김민석 전 총리, 차기 당대표 흐름의 변화는 이재명 정부와 방향이 같기 때문 #현장취재 #김민석",김민석 전 총리는 3일 언론들과의 인터뷰에서 변화한 민주당 차기 전당대회의 흐름에 대하여 이야기하였다.,https://www.polinews.co.kr/news/articleView.html?idxno=735972
2026-07-03 20:20,김민석,2026-07-03 20:14,"與 당권주자 3인, 보완수사권·1인1표제·청년 놓고 '차별화'","3일 서울 용산에서 열린 22대 후반기 국회 대비 민주당 워크숍에서는 김민석 전 국무총리, 정청래 전 민주당... 대표와 김민석 전 국무총리는 공감대를 표했다. 다만 처리 시기와 방식에서는 두 사람의 입장이 엇갈렸다. 정...",http://www.fnnews.com/news/202607031827289261
2026-07-03 20:20,김민석,2026-07-03 20:15,민주당 워크숍에서도 다시 발언 엇갈린 정청래·김민석 ‘5월 형소법 개정 요구설’,"대표와 김민석 전 총리는 ‘형사소송법 5월 처리 요구설’을 두고 여전히 상반된 입장을 주고받았다.... 정청래 전 더불어민주당 대표와 송영길 전 대표, 김민석 전 총리가 3일 서울 용산구 서울드래곤시티에서 열린 22대...",https://www.segye.com/newsView/20260703513013?OutUrl=naver
2026-07-03 20:20,김민석,2026-07-03 20:16,한 테이블 앉은 정청래·김민석·송영길…장외 신경전,"모든 카메라가 이쪽에….] 김민석 전 총리는 민주당은 집권 야당이 아니라며 사실상 직전 정청래 지도부를 겨냥했고, [김민석 / 더불어민주당 의원: 민주당의 고유한 가치와 정책과 이념의 체계를 가지고 있지만 국가의...",https://www.obsnews.co.kr/news/articleView.html?idxno=1529534
2026-07-03 20:21,김민석,2026-07-03 20:16,[김민주의 민심읽기] 李대통령 지지율 반등 이끈 중도층…'코어 지지층'은 이완됐나,"김민석, 당권 여론조사 우세 흐름에 ""정부 실용·통합 방향과 부합하기 때문"" 반면 김민석 전 국무총리는 적극 지지층 결집에만 집중하기보다 통합과 외연 확장에 방점을 찍으며, 당이 정부의 국정운영을 안정적으로...",https://www.polinews.co.kr/news/articleView.html?idxno=735966
2026-07-03 20:30,김민석,2026-07-03 20:21,與 '메가프로젝트' 등 입법 드라이브…당권주자 3인방은 신경전(종합),이날 행사는 당권주자로 분류되는 김민석 전 국무총리와 정청래·송영길 전 대표가 헤드테이블에 나란히 앉아 관심을 모았다. 특히 김 전 총리가 당 복귀 후 처음으로 3인방이 모여 주목받았다. 이들은 각자의 당권 행보를...,https://www.news1.kr/politics/assembly/6217556
2026-07-03 20:30,김민석,2026-07-03 20:22,"""TK에 민주당 비례 국회의원 각 1석씩 배정""...대구 당원들, 당헌·당규 개정운동","전당대회를 앞두고 김민석, 송영길, 정청래 등 당 대표 후보자를 비롯해 대구시당 위원장 후보자들에게도 당헌·당규 개정 공약화를 요구할 방침이다.  경북도당 지도부가 바뀌는대로 이 내용을 제안해 함께 운동을 펼칠...",https://www.pn.or.kr/news/articleView.html?idxno=33842
2026-07-03 20:40,김민석,2026-07-03 20:26,한자리서 웃으며 악수한 당권 주자들‥장외에선 보완수사권 두고 설전,"한성숙 국무총리, 강훈식 대통령 비서실장과 함께, 차기 당권 주자인 김민석 전 국무총리, 정청래 전 대표... [김민석/전 국무총리] ""(보완수사권 폐지를) 조기에 처리하는 것이 좋겠다고 판단해서 정부와 관련한 여권 내부에...",https://imnews.imbc.com/replay/2026/nwdesk/article/6834898_37004.html
2026-07-03 21:20,김민석,2026-07-03 21:17,"이언주, '합성 음란물 온라인 게시' 기업인 경찰에 고소…충격에 입원",친명계로 분류되는 이 의원은 친명계를 겨냥한 멸칭인 '한강새똥돼주길'(한준호·강득구·김민석·이동형·김용민·이언주·송영길)에 포함돼 있다. 최근 민주당 단독으로 인선된 총 11개(상임위 10곳·예결특위) 상임위원회...,https://www.news1.kr/politics/assembly/6217563
2026-07-03 21:30,김민석,2026-07-03 21:21,"與, 워크숍 마친 의원 단톡방에 ""전대주자가 악수 패싱, 쪼잔해""","민주당 차기 당권경쟁은 정청래 전 대표, 김민석 전 국무총리, 송영길 전 대표의 3파전으로 흘러가고 있다. 다만 6·3 지방선거 책임론을 비롯해 보완수사권 폐지, 1인 1표제 등 주요 쟁점에서 당권주자 간 입장차가...",https://www.news1.kr/politics/assembly/6217571
2026-07-03 21:40,김민석,2026-07-03 21:36,"김민석 ""집권당은 전체 담는 그릇""…전대 앞두고 외연 확장 재강조",김민석 전 국무총리가 더불어민주당의 차기 지도부 과제로 '실용 통합'과 '외연 확장'을 제시했다. 8월 전당대회 출마 여부를 조만간 밝히겠다고 한 김 전 총리는 집권당이 성과와 포용을 통해 지지 기반을 넓혀야 한다며...,https://www.wolyo.co.kr/news/articleView.html?idxno=314561
2026-07-03 21:42,김민석,2026-07-03 20:16,김민석 “배재고 사과 다행…역사교육으로 조롱·혐오 종식시켜야”,김민석 전 국무총리가 5·18 민주화운동을 폄훼하는 응원 구호로 논란을 빚은 배재고 야구부가 광주제일고를 찾아 사과하기로 한 것과 관련해 “늦었지만 다행”이라며 “올바른 역사교육으로 5·18 조롱과 혐오를...,https://www.donga.com/news/Politics/article/all/20260703/134233969/2
2026-07-03 21:50,김민석 총리,2026-07-03 21:37,與 '당권주자 3인' 워크숍서 처음 한자리에…장외에선 날선 '신경전',김민석 전 총리와 정청래 전 대표 송영길 의원이 나란히 헤드테이블에 앉아 웃으며 대화를 나눕니다. 한 곳에만 시선이 집중되자 한병도 원내대표는 관심을 호소하기도 했습니다. 한병도 / 더불어민주당 대표 직무대행 겸...,https://news.tvchosun.com/site/data/html_dir/2026/07/03/2026070390313.html
2026-07-03 21:50,김민석 총리,2026-07-03 21:40,한자리 모인 민주당 당권주자들 ‘신경전’…여야 ‘메가 프로젝트’ 충돌,"[김민석/전 국무총리 : ""(보완수사권 관련 법안이) 5월에 처리가 됐더라면 조금 더 여유를 가질 수 있었을 텐데….""] [정청래/더불어민주당 전 대표 : ""5월 중에 당에게 처리를 요청했는데 당이 그것을 거부했다, 저는 그런...",https://news.kbs.co.kr/news/pc/view/view.do?ncd=8601881&ref=A
2026-07-03 21:50,김민석 총리,2026-07-03 21:45,김민석·정청래·송영길 한자리에…민주당 당권 레이스 '점화',"이날 행사에는 8·17 민주당 전당대회를 앞두고 차기 당대표 후보로 거론되는 김민석 전 국무총리, 정청래 전 대표, 송영길 의원이 나란히 참석해 눈길을 끌었다. 서울 용산구 서울드래곤시티호텔에서 열린 '22대 국회 후반기...",http://weekly.chosun.com/news/articleView.html?idxno=53160
2026-07-03 22:00,김민석 총리,2026-07-03 21:58,"정성호 ""보완수사권 폐지, 훌륭하신 의원들이 논의하지 않겠나""",그러나 김민석 전 국무총리는 지난달 26일 정부의 입장은 보완수사권 폐지로 정리됐다며 국회에 논의를 일임하기로 했다. 이후 민주당은 형사소송법 개정안 처리 시점 등을 조율 중이다. 입법 논의가 민주당 8·17...,https://www.hankookilbo.com/news/article/A2026070321450000021?did=NA
2026-07-03 22:10,김민석 총리,2026-07-03 22:04,당권주자 3인방 워크숍 신경전…'전북 소외론' 충돌,"[기자] 한 테이블에 나란히 앉은 김민석 전 국무총리와 정청래 전 대표, 송영길 의원. 당권 경쟁이 본격화한 후 처음으로 한자리에 모여 화기애애한 미소 속에 대화를 나눴습니다. 그러나 잠시 뿐, 서로를 향한 날선 견제는...",http://www.yonhapnewstv.co.kr/news/MYH20260703220308TJg
2026-07-03 22:30,김민석 총리,2026-07-03 22:21,與워크숍서 당권주자 한 테이블…장외선 檢수사권 등 신경전(종합),"정청래 전 대표와 김민석 전 국무총리, 송영길 의원은 3일 오후 서울 용산에서 열린 의원 워크숍에 따로 도착했다. 당 소속 의원들이 한자리에 모인 가운데, 이들 세 주자도 연회장 곳곳에서 의원들과 인사를 나누며 친분을...",https://www.newsis.com/view/NISX20260703_0003695652
2026-07-03 22:40,김민석 총리,2026-07-03 22:30,"민주, 후반기 입법 드라이브 시동…당권 주자들 웃음 뒤 신경전","김민석 전 국무총리와 정청래 전 대표, 송영길 의원이 나란히 헤드테이블에 앉자 취재진의 카메라가 일제히 이들을 향했다. 특히 김 전 총리가 행사장에 들어서자 의원들이 잇달아 셀카와 기념사진을 요청하면서 행사장...",https://news.tf.co.kr/read/ptoday/2339669.htm
2026-07-03 22:40,김민석 민주당,2026-07-03 22:30,정청래의 민주당은 '집권 야당'?…김민석 ″대대적 혁신해야″ [뉴스와이드],출연자> 서용주 맥 정치사회연구소장 강수영 변호사 윤기찬 국민의힘 법률위 부위원장 류제화 전 국민의힘 세종시당위원장 #MBN #뉴스와이드 #김은미 #더불어민주당 #워크숍 #정청래 #김민석 #송영길 #전북 #호남 #집권야당...,http://www.mbn.co.kr/pages/news/newsView.php?news_seq_no=5203722
2026-07-03 22:50,김민석 총리,2026-07-03 22:48,[투나잇이슈] 대통령 지지율 54%로 3주 만 반등 ‘경제·민생’ 1위,"김민석 전 총리는 행사에 앞서 대통령은 선거 결과에 표정 관리도 못 했는데 민주당이 '집권 야당' 소리를 들어야 되겠느냐며, 당의 혁신을 강조했습니다. 당이 어떤 방향으로 어떻게 탈바꿈해야 한다는 뜻일까요? <질문 5...",http://www.yonhapnewstv.co.kr/news/MYH202607032246492QE
2026-07-03 22:50,김민석 민주당,2026-07-03 22:45,"한동훈, 1억 5천 후원금 모금 15분 만에 끝…인기 입증? [뉴스와이드]",더불어민주당 #선출 #강행 #국민의힘 #원구성 #협상 #불가 #보이콧 #국민의힘 #징계 #장동혁 #친한계 #사퇴... 찰밥할머니 #노점금지 #철거 #워크숍 #정청래 #김민석 #송영길 #전북 #호남 #집권야당 #혁신 #전당대회 #당대표 #출마,http://www.mbn.co.kr/pages/news/newsView.php?news_seq_no=5203717
2026-07-03 23:00,김민석 총리,2026-07-03 22:55,[포커스] 민주 워크숍 개최...단독 '원 구성' 여진 계속,"대해서 김민석 전 총리, 정청래 대표 간에는 정부가 당을 향해서 법안 처리를 해달라는 시점을 놓고 뚜렷한 이견을 보이는 게 아닌가 싶습니다. 김민석 전 총리는 총리 그만둔 다음에 여러 채널을 통해서 인터뷰 이어가고...",https://www.ytn.co.kr/_ln/0101_202607032255125828
2026-07-03 23:00,김민석 의원,2026-07-03 22:50,"서울 강서구의회, 제10대 전반기 원 구성 완료","미래복지위원장은 김민석 의원, 도시교통위원장으로는 이충숙 의원을 각각 선출했다. 최세진 운영위원장은 ""의원 여러분께서 보내주신 신뢰와 기대에 책임감으로 보답하겠다""며 ""운영위원회가 소통과 협력의 중심이 되어...",https://www.m-i.kr/news/articleView.html?idxno=1388147
2026-07-03 23:10,김민석 총리,2026-07-03 23:07,김민석·정청래·송영길 한자리에...미소 속 '견제구',"김민석 전 총리는 다시금 '집권 야당' 소리를 들어서야 되겠느냐며, 지난 1년 정청래 지도부의 리더십을 겨냥했습니다. 특히 총선과 대선, 지선을 다 총괄·지휘하고, 승리로까지 이끈 건 자신밖에 없다며 경쟁자들과의...",https://www.ytn.co.kr/_ln/0101_202607032307116560
2026-07-04 00:10,김민석 총리,2026-07-04 00:00,[현장] 민주당 워크숍 달군 '당권 3인방'…신경전 속 '원팀' 연출,"이어 오후 1시 50분께 김민석 전 국무총리가 행사장 안으로 들어섰다. 그는 ""오시는 걸 기다리고 있었다""는 정진욱 의원을 비롯해 이재정·허영·김남근·김태선·부승찬·윤종군등 의원들과 일일이 악수를 나눴다. 김영진...",https://www.dailian.co.kr/news/view/1663318/?sc=Naver
2026-07-04 00:10,김민석 총리,2026-07-04 00:01,"[주간政談<상>] 여의도 복귀한 김민석, 곧장 '전당대회 모드'","송 의원은 ""정청래 대표는 완전히 노무현 대통령과 등을 져서 장례식에도 참석하지 못했다""며 ""김민석 총리를 공격하려고 '노무현 적통'을 따질 사람은 아니다""라고 했거든. -왜 이렇게까지 과열 양상으로 치닫는 걸까....",https://news.tf.co.kr/read/ptoday/2339667.htm
2026-07-04 00:10,김민석 총리,2026-07-04 00:04,"당정청, 하반기 핵심의제는 부동산…세제·공급대책 주1회 협의","더불어민주당 정청래 전 대표(왼쪽부터), 송영길 의원, 강훈식 대통령 비서실장, 김민석 전 총리가 3일 서울 용산구 한 호텔에서 열린 민주당 국회의원 워크숍에 참석해 애국가를 부르고 있다. 연합뉴스 특히...",https://www.segye.com/newsView/20260703514146?OutUrl=naver
2026-07-04 01:00,김민석 총리,2026-07-04 00:50,與 보완수사권 폐지 속도전에… 내부서도 “부작용 커”,당권 주자인 김민석 전 총리도 총리로서의 마지막 기자회견에서 “정부의 입장은 보완수사권 폐지”라고 못을 박은 바 있다. 민주당 지도부는 강경파의 입법 속도전에는 부정적이지만 이르면 다음 주 원내지도부 주도의...,https://www.chosun.com/politics/assembly/2026/07/04/QENCMZBPXFCVVDEBFTO2ERT4GY/?utm_source=naver&utm_medium=referral&utm_campaign=naver-news
2026-07-04 01:00,김민석 총리,2026-07-04 00:51,"與 당권 주자 한자리에… 만나선 웃음꽃, 나가선 신경전","민주당 의원 워크숍 나란히 참석 더불어민주당 8·17 전당대회를 앞두고 당권 주자인 김민석 전 국무총리와 송영길 의원, 정청래 전 대표가 3일 당 국회의원 워크숍에서 한자리에 모였다. 현장에선 화기애애한 분위기가...",https://www.chosun.com/politics/assembly/2026/07/04/FZXSC2RZKVBLDPNJGUK6ZRJZMA/?utm_source=naver&utm_medium=referral&utm_campaign=naver-news
2026-07-04 01:10,김민석 총리,2026-07-04 01:00,[데일리안 주간 포토] 대한민국 북중미 월드컵 탈락 충격! 고인물 축구협회 해체 목소리도,"한성숙 국무총리 취임...역대 두 번째 여성 총리 탄생 한성숙 국무총리가 1일 오전 서울 종로구 세종대로... '한자리 모인 김민석-송영길-정청래, 민주당 차기 당대표는 누구?' 더불어민주당 정청래, 송영길, 김민석 의원...",https://www.dailian.co.kr/news/view/1663229/?sc=Naver
2026-07-04 01:20,김민석 총리,2026-07-04 01:11,"나란히 앉은 당권주자 3인…앞에선 미소, 뒤에선 견제구","━ 민주당 국회의원 워크숍 3일 열린 더불어민주당 국회의원 워크숍에 당권 주자인 김민석 전 국무총리와 송영길 의원, 정청래 전 대표가 나란히 참석해 처음으로 삼자대면이 이뤄졌다. 이들은 행사장 내부에선 화기애애한...",https://www.joongang.co.kr/article/25442354
2026-07-04 01:50,김민석 총리,2026-07-04 01:41,"정청래 “김민석, 보완수사권 처리해달라 한적 없다”… 金 “다양한 경로로 전달”","● ‘1인 1표’-‘전북 소외론’ 신경전 김민석 전 국무총리, 송영길 전 대표와 정청래 전 대표는 3일 서울 용산구 드래곤시티호텔에서 열린 당 의원 워크숍에서 단상 맨 앞줄에 지도부와 나란히 앉았다. 나란히 앉아 미소...",https://www.donga.com/news/Politics/article/all/20260703/134234724/2
2026-07-04 05:10,김민석 총리,2026-07-04 05:01,송영길의 저력…김민석·정청래 양강 구도에 균열,더불어민주당 차기 당권 경쟁이 김민석 전 국무총리와 정청래 전 대표의 양강 구도에서 송영길 의원의 등판으로 3파전 양상으로 재편되고 있다. 송 의원이 레이스 초반부터 거침없는 발언으로 존재감을 키우면서 이번...,https://www.nocutnews.co.kr/news/6543010?utm_source=naver&utm_medium=article&utm_campaign=20260704050017
2026-07-04 06:10,김민석 총리,2026-07-04 06:00,"법사위 가져간 與, 보완수사권 논의 서둘러…전대 前 마무리 여부 미지수","아울러 '검찰 보완수사권 폐지'와 관련해서는 당권주자로 꼽히는 김민석 전 총리와 정청래 전 대표가 기싸움을 이어가고 있다. 김 전 총리는 지난달 25일 기자회견을 열고 ""2차 (검찰)개혁안을 당초 계획보다 시기를 앞당겨...",https://www.newsis.com/view/NISX20260703_0003695341
2026-07-04 06:10,김민석 총리,2026-07-04 06:00,"與 전대, 전북 잡으면 승기?…'반도체 투자' 놓고 신경전","또다른 당권 주자인 김민석 전 국무총리는 이번 주말 전북을 찾아 당원들과의 접촉면을 넓힌다. 김 전 총리는 전날 민주당 국회의원 워크숍에서 기자들과 만나 ""주말 일정은 총리 직무를 마치고 첫 휴식이라면 휴식""이라며...",https://www.news1.kr/politics/assembly/6217523
2026-07-04 06:10,김민석 총리,2026-07-04 06:00,민주당 전대 레이스 본격화…당권·최고위원 경쟁 '후끈',"당대표 선거는 정청래 전 대표와 김민석 전 국무총리, 송영길 전 대표의 3파전 구도가 점차 뚜렷해지고 있다. 세 사람 모두 아직 공식 출마 선언은 하지 않았지만 사실상 출마를 굳히고 당심 잡기에 나섰다. 정 전 대표는...",https://www.news1.kr/politics/assembly/6217271
2026-07-04 06:10,김민석 민주당,2026-07-04 06:00,3대 메가프로젝트에 불거진 '전북 소외론'…친청계 승부수일까 자충수일까,"[서울=뉴스핌] 정일구 기자 = 정청래(왼쪽부터), 송영길, 김민석 더불어민주당 의원이 3일 오후 서울 용산구 서울드래곤시티호텔에서 열린 제22대 후반기 국회 대비 국회의원 워크숍에 참석해 있다. 2026.07.03 mironj19@newspim.com...",https://www.newspim.com/news/view/20260703000803
2026-07-04 07:00,김민석 총리,2026-07-04 06:43,한자리 모인 민주당 당권주자들 ‘신경전’…여야 ‘메가 프로젝트’ 충돌,"[김민석/전 국무총리 : ""(보완수사권 관련 법안이) 5월에 처리가 됐더라면 조금 더 여유를 가질 수 있었을 텐데….""] [정청래/더불어민주당 전 대표 : ""5월 중에 당에게 처리를 요청했는데 당이 그것을 거부했다, 저는 그런...",https://news.kbs.co.kr/news/pc/view/view.do?ncd=8602110&ref=A
2026-07-04 07:00,김민석 민주당,2026-07-04 07:00,촛불과 태극기 사이... 2030이 잠실에 남긴 것들,"김민석 국무총리가 시위 현장 인근을 찾는다는 소식이 전해지자 광장에서는 ""어떤 상황에서도 폭력과 충돌... 국민의힘 의원들이 현장을 방문해 환영받고 더불어민주당 의원들이 내쫓기는 장면이 반복되면서 무당파를...",https://www.wikitree.co.kr/articles/1143506
2026-07-04 07:08,김민석 총리,2026-07-04 07:00,사진으로 보는 일주일 [뉴시스Pic],"국무총리 민주당 후반기 국회 대비 의원 워크숍 참석한 정청래-송영길-김민석 오세훈 서울시장, 구청장 당선인들과 국립서울현충원 방문 올림픽공원 개표소 투표용지 보관박스 경북 예천 농장서 구제역 확진 눈물 흘리는...",https://www.newsis.com/view/NISX20260703_0003695336
2026-07-04 07:08,김민석 총리,2026-07-04 07:01,검찰개혁부터 1인1표까지…與 당권주자들 워크숍서 공개 난타전,"더불어민주당 당권 주자인 정청래 전 대표와 김민석 전 국무총리, 송영길 의원이 국회의원 워크숍에서 각종 현안을 둘러싼 입장 차를 드러내며 존재감을 부각했다. 4일 정치권에 따르면 세 후보는 전날 서울 용산구...",https://www.sedaily.com/article/20063699?ref=naver
2026-07-04 07:40,김민석 총리,2026-07-04 07:31,"SK 140조, 삼성 60조…영남권 첨단산업 거점으로[오늘아침]","민주당 정청래 전 대표는 '당이 검찰 보완수사권 폐지를 거부했다'는 김민석 전 국무총리 발언에 ""그런 제안을 들어본 적도 없다""며 ""폐지가 정부 입장이면 법안을 왜 제출하지 않느냐""고 했습니다. 이에 김 전 총리는...",https://www.nocutnews.co.kr/news/6543027?utm_source=naver&utm_medium=article&utm_campaign=20260704073018
2026-07-04 08:10,김민석 총리,2026-07-04 08:01,"이동학 ""전북 소외론? 정청래 향한 먹구름, 더 커질 것""[한판승부]","그러나 김민석 이 후보, 김민석 총리 입장에서는 이게 정청래 대표 지도부에서 만든 전준위가 짜놓은 일정이기 때문에 슬쩍 한번 시비를 걸어보는 게 아닌가 싶은데 저는 정청래 대표의 선거 전략은 호남 올인인 것 같아요....",https://www.nocutnews.co.kr/news/6543013?utm_source=naver&utm_medium=article&utm_campaign=20260704080018
2026-07-04 09:09,김민석 총리,2026-07-04 05:01,송영길의 저력…김민석·정청래 양강 구도에 균열,더불어민주당 차기 당권 경쟁이 김민석 전 국무총리와 정청래 전 대표의 양강 구도에서 송영길 의원의 등판으로 3파전 양상으로 재편되고 있다. 송 의원이 레이스 초반부터 거침없는 발언으로 존재감을 키우면서 이번...,https://www.nocutnews.co.kr/news/6543010?utm_source=naver&utm_medium=article&utm_campaign=20260704090518
2026-07-04 09:09,김민석 총리,2026-07-04 07:31,"SK 140조, 삼성 60조…영남권 첨단산업 거점으로[오늘아침]","민주당 정청래 전 대표는 '당이 검찰 보완수사권 폐지를 거부했다'는 김민석 전 국무총리 발언에 ""그런 제안을 들어본 적도 없다""며 ""폐지가 정부 입장이면 법안을 왜 제출하지 않느냐""고 했습니다. 이에 김 전 총리는...",https://www.nocutnews.co.kr/news/6543027?utm_source=naver&utm_medium=article&utm_campaign=20260704090019
2026-07-04 09:09,김민석 총리,2026-07-04 09:04,‘강적들’ 민주당·국민의힘 정국 진단,"이재명 대통령이 김민석 전 국무총리를 공개적으로 언급한 배경을 두고도 다양한 의견이 오갔다. 김웅 전 의원과 김규완 전 논설실장은 당권 경쟁과 연결해 해석했고, 최근 발표된 당심·민심 여론조사 결과에 대한...",https://www.bntnews.co.kr/article/view/bnt202607040076
2026-07-04 09:09,김민석 총리,2026-07-04 09:04,"박용진, ""'강적들'에서 민주당 전당대회 예송논쟁 반성해야"" 직언","김규완 전 CBS 논설실장은 친명계의 집착과 체포동의안 가결 당시의 공포감을 언급하며, 주류를 유지하려는 흐름 속에서 김민석 전 총리가 대리인 역할을 하고 있다고 설명했다. 이 대통령이 김민석 전 총리에게 보낸 공개...",https://www.topstarnews.net/news/articleView.html?idxno=16123375
2026-07-04 09:20,김민석 총리,2026-07-04 09:15,민주당 전대 레이스 본격화…달아오른 당권·최고위원 경쟁,"정청래·김민석·송영길 3파전 가시화 당대표 선거는 정청래 전 대표, 김민석 전 국무총리, 송영길 전 대표의 3파전 구도가 점차 뚜렷해지고 있다. 세 사람 모두 아직 공식 출마 선언은 하지 않았지만, 사실상 선거전에...",https://www.jnilbo.com/news/articleView.html?idxno=90000047562
2026-07-04 09:30,김민석 총리,2026-07-04 05:01,송영길의 저력…김민석·정청래 양강 구도에 균열,더불어민주당 차기 당권 경쟁이 김민석 전 국무총리와 정청래 전 대표의 양강 구도에서 송영길 의원의 등판으로 3파전 양상으로 재편되고 있다. 송 의원이 레이스 초반부터 거침없는 발언으로 존재감을 키우면서 이번...,https://www.nocutnews.co.kr/news/6543010?utm_source=naver&utm_medium=article&utm_campaign=20260704092219
2026-07-04 09:30,김민석 총리,2026-07-04 07:31,"SK 140조, 삼성 60조…영남권 첨단산업 거점으로[오늘아침]","민주당 정청래 전 대표는 '당이 검찰 보완수사권 폐지를 거부했다'는 김민석 전 국무총리 발언에 ""그런 제안을 들어본 적도 없다""며 ""폐지가 정부 입장이면 법안을 왜 제출하지 않느냐""고 했습니다. 이에 김 전 총리는...",https://www.nocutnews.co.kr/news/6543027?utm_source=naver&utm_medium=article&utm_campaign=20260704092119
2026-07-04 09:31,김민석 총리,2026-07-04 09:20,"'강적들' 김웅 ""李, 김민석 극찬 '실적 얼마나 없으면'""...김규완 ""文, 靑에 끌려나온듯""","그 대리인이 바로 김민석 전 총리""라고 분석했다. 이 대통령이 김민석 전 총리에 공개칭찬을 했다. 김 전 의원은 ""실적이 얼마나 없으면 이런 칭찬을 하나, '그래도 걔가 애는 착해' 수준의 칭찬""이라고 설명했다. 김 전...",https://www.slist.kr/news/articleView.html?idxno=749548
2026-07-04 10:00,김민석 총리,2026-07-04 09:52,"""정청래에 대한 이 대통령의 불만 공개적으로 드러낸 것""","조 대변인은 ""이 대통령은 당무 개입 의혹을 불식시키기 위해서라도 김민석 전 총리의 노골적인 '대통령 팔이' 전당대회 선동에 분명히 선을 긋고 경고해야 한다""고 밝혔다. 이어 ""민주당 전당대회마다 대통령의 이름이...",https://www.wikitree.co.kr/articles/1144698
2026-07-04 10:20,김민석 총리,2026-07-04 10:13,"정청래, 민주 텃밭서 '스텔스' 행보, 왜…지지자들은 속 탄다",유력 경쟁자인 김민석 전 국무총리가 공개적으로 지역을 찾는 것과 달리 '친(親)청' 인사들에게도 방문을 알리지 않으면서 속내에 관심이 쏠린다. 4일 지역 정치권에 따르면 정 전 대표는 지난 2일 오전 전남광주통합특별시...,https://www.news1.kr/local/gwangju-jeonnam/6217408
2026-07-04 10:20,김민석 총리,2026-07-04 10:14,"[기획특집]文·李 회동, 與당권다툼 확전줄인 '절반의 성공'","이에 한 여권 관계자는 ""현재 민주당에는 이재명 대통령도 있고 김민석 전 총리도 있으며 정청래 전 대표도 있다""며 ""주어가 없는 단합은 특정 계파의 손을 들어준 것으로 보기 어렵다.오히려 당내 경쟁 세력 역시 민주당의...",https://www.thepublic.kr/news/articleView.html?idxno=310063
2026-07-04 10:30,김민석 총리,2026-07-04 10:24,"TV조선 '강적들', 민주당 '파묘 전쟁' vs 국힘 '징계 내전' 집중분석","특히 이재명 대통령이 김민석 전 총리를 공개 칭찬한 것을 두고 해석이 분분하다. 김규완 전 실장은 ""김민석은 친명의 대리인 격""이라며 ""이 대통령의 칭찬 속에는 '정청래는 절대 안 된다'는 메시지가 강하게 실려 있다""고...",https://www.newstnt.com/news/articleView.html?idxno=708969
2026-07-04 10:40,김민석 총리,2026-07-04 10:33,"정청래, 워크숍서 기자들과 바닥 소통…SNS엔 “여유로움 갖고 살자”","특히 차기 당권을 둘러싸고 날 선 공방을 벌여온 김민석 전 국무총리와 송영길 의원에게 정 전 대표가 메시지를 날린 것 아니냐는 반응도 나온다. 워크숍에는 민주당 의원들을 비롯해 한성숙 국무총리, 강훈식 대통령...",https://www.segye.com/newsView/20260704502688?OutUrl=naver
2026-07-04 11:30,김민석 총리,2026-07-04 11:22,"민주당 워크숍 참석한 당권 주자들, 보완수사권 놓고 입장차","투데이코리아=진민석 기자 | 더불어민주당 차기 당권 주자로 거론되는 정청래 전 대표와 김민석 전 국무총리, 송영길 의원이 민주당 의원 워크숍에 참석해 집권 2년 차 국정 운영 방향과 핵심 입법 과제를 논의했다. 다만...",https://www.todaykorea.co.kr/news/articleView.html?idxno=403430
2026-07-04 11:30,김민석 총리,2026-07-04 11:22,"[단독]김민석, 6일 '광주·전남'에서 출마 선언",더불어민주당 차기 당권 경쟁에 나서는 김민석 전 국무총리가 광주·전남에서 출마 선언을 한다. 김 전 총리 측에 따르면 김 전 총리는 오는 6일 광주 5·18 국립묘지를 참배한 뒤 광주 군공항에서 당 대표 출마를 공식화할...,https://news.tvchosun.com/site/data/html_dir/2026/07/04/2026070490033.html
2026-07-04 12:20,김민석 총리,2026-07-04 12:15,"'당권 도전' 김민석, 광주전남·서울 광화문서 출마 선언할 듯","김민석 전 국무총리가 오는 6일 광주·전남, 서울 광화문에서 차기 당대표 출마를 선언하는 방안을 검토 중이다. 김 전 총리 측은 4일 ""김 전 총리가 오는 6일 광주 5·18 국립묘지를 참배한 뒤 광주 군공항에서 당 대표 출마...",https://www.newsis.com/view/NISX20260704_0003695806
2026-07-04 12:20,김민석 총리,2026-07-04 12:18,"[단독] 김민석, 6일 광주와 광화문 ""총 2번 출마 선언""","김민석 전 국무총리가 오는 6일 광주 국립 5·18민주묘지에서 출마 선언을 할 것으로 알려진 가운데, 이날 오후에는 광화문에서 재차 출마 선언을 할 것으로 확인됐습니다. MBN 취재에 따르면, 캠프 관계자는 ""김 전 총리가...",http://mbn.mk.co.kr/pages/news/newsView.php?category=mbn00006&news_seq_no=5203803
2026-07-04 13:00,김민석 총리,2026-07-04 12:46,전당대회 앞두고 모인 민주...국회 원구성 반발 국힘,"왜냐하면 김민석 총리가 국회의원을 가장 빨리 했습니다. 15대 국회 때 들어왔어요. 그리고 송영길 전 대표가 16대, 정청래 전 대표가 17대예요. 그런데 다선 의원은 송영길 전 대표, 5선이에요. 그리고 나이는 송영길 전...",https://www.ytn.co.kr/_ln/0101_202607041246472338
2026-07-04 13:00,김민석 총리,2026-07-04 12:52,"김민석, 통합특별시서 당 대표 출마 선언…반도체 중심지 선택 왜",4일 지역 정가에 따르면 김민석 전 총리는 오는 6일 광주 5·18민주묘지를 참배한 뒤 광주 군공항에서 더불어민주당 당 대표 출마를 공식 선언할 예정이다. 출마 선언에는 전남광주통합특별시를 지역구로 둔 민주당...,https://www.nocutnews.co.kr/news/6543059?utm_source=naver&utm_medium=article&utm_campaign=20260704125120
2026-07-04 13:30,김민석 민주당,2026-07-04 13:23,"'36살 민주당 평당원' 김보미, 당대표 도전 선언…청년 돌풍 변수 부상","특히 정청래·송영길·김민석 등 유력 주자들을 겨냥해 ""당대표 경쟁이 과거 논쟁에 머물러 있다""며 ""빈소 방문 여부나 배신 공방 같은 '족보 캐기' 정치에서 벗어나야 한다""고 비판했다. 이어 현재 민주당을 민주주의...",https://www.newspim.com/news/view/20260704000036
2026-07-04 13:38,김민석 총리,2026-07-04 13:30,"[속보] 김민석, 6일 전남광주특별시에서 당대표 출마 선언",김민석 전 국무총리가 오는 6일 전남광주통합특별시를 찾아 당대표 출마 선언을 한다. 김 전 총리는 이날 광주 5·18 민주묘지 참배 후 광주 군공항에서 더불어민주당 당대표 출마를 공식 선언할 예정이다. 이날 자리에는...,https://www.daejonilbo.com/news/articleView.html?idxno=2285550
2026-07-04 13:50,김민석 총리,2026-07-04 13:42,'강적들' 민주당 파묘 전쟁·국힘 징계정치 격돌관련 토론,"이재명 대통령의 김민석 전 총리 공개 평가, 김민석·정청래를 둘러싼 당심·민심 흐름도 함께 분석한다. 유시민 작가 발언 이후 확산된 정치권 파장도 도마에 오른다. 패널들은 강성 지지층 결집 전략, 언어 수위...",https://www.gpkorea.com/news/articleView.html?idxno=144371
2026-07-04 13:50,김민석 총리,2026-07-04 13:45,"[토요와이드] 李, 메가프로젝트 발표 마무리…야, 출구전략 고심","<질문 4> 정청래 전 대표와 김민석 전 총리는 검찰 보완수사권 폐지와 관련한 이른바 '5월 처리 제안설'을 두고 맞붙었습니다. 결국 쟁점은 형사소송법 개정을 언제, 어떻게 처리하느냐인데요. 당장 신중론도 만만치 않은데...",http://www.yonhapnewstv.co.kr/news/MYH20260704134431Mxs
2026-07-04 13:50,김민석 총리,2026-07-04 13:46,"김민석 전 총리, 오는 6일 광주서 민주당 당대표 출마 공식 선언",김민석 전 국무총리. 사진=국제뉴스DB 김민석 전 국무총리가 오는 6일 광주를 찾아 더불어민주당 당대표 출마를 공식 선언하며 본격적인 당권 행보에 나선다. 김 전 총리는 당일 광주 5·18 민주묘지를 참배한 뒤 광주...,https://www.gukjenews.com/news/articleView.html?idxno=3626233
2026-07-04 14:00,김민석 총리,2026-07-04 13:52,"[속보] 김민석, 광주서 당대표 출마 선언한다… 광화문서 한 번 더 검토",김민석 전 국무총리가 오는 6일 전남광주통합특별시에서 더불어민주당 당대표 출마를 선언할 것으로 전해졌다. 4일 정치권에 따르면 김 전 총리는 6일 오전 5·18 국립묘지를 참배한 뒤 광주 군공항에서 당 대표 출마를 공식...,https://www.seoul.co.kr/news/politics/2026/07/04/20260704500018?wlog_tag3=naver
2026-07-04 14:00,김민석 총리,2026-07-04 13:54,"[속보] 김민석, 광주 '반도체 유력 부지'서 당대표 출마선언",김민석 전 국무총리가 더불어민주당 당 대표 출마 선언을 위해 전남광주통합특별시를 방문한다. 4일 정치권에 따르면 김 전 총리는 오는 6일 광주 5·18민주묘지를 참배한 후 광주 군공항에서 더불어민주당 대표 출마를...,https://www.pressian.com/pages/articles/2026070413303074526?utm_source=naver&utm_medium=search
2026-07-04 14:10,김민석 총리,2026-07-04 14:01,당정청 워크숍서 전대 주자들 신경전…국힘 '국회일정 보이콧' 카드,"이 자리엔 당권을 두고 공방을 벌이고 있는 김민석 전 총리와 정청래 전 대표, 송영길 의원이 한 자리에 모였는데, 워크숍 도중 각자 브리핑을 열고 보완수사권 폐지 등을 두고 신경전을 벌이기도 했습니다. 워크숍엔 한성숙...",https://news.tvchosun.com/site/data/html_dir/2026/07/04/2026070490054.html
2026-07-04 14:20,김민석 총리,2026-07-04 14:13,김민석 전 총리 당권 도전…광주전남·서울 광화문 출마 선언,"김민석 전 국무총리가 광주·전남을 찾아 더불어민주당 당대표 출마를 선언하는 방안을 검토한다. 김 전 총리 측은 4일 ""김 전 총리가 오는 6일 광주 5·18 국립묘지를 참배한 뒤 광주 군공항에서 당 대표 출마 선언을 하는...",https://www.sidae.com/article/2026070413461254831
2026-07-04 14:30,김민석 총리,2026-07-04 14:23,"김민석·정청래 검찰개혁 공방…“검찰 보완수사권 폐지, 5월 처리 요청” vs “그런 기억 없다”",연합뉴스 더불어민주당 당권을 놓고 치열한 경쟁을 펼칠 것으로 보이는 김민석 전 국무총리와 정청래 전 민주당 대표가 검찰 보완수사권 폐지 시점을 두고 팽팽한 신경전을 벌였다. 4일 정치권에 따르면 정 전 대표는 전날...,https://www.munhwa.com/article/11600240?ref=naver
2026-07-04 14:30,김민석 총리,2026-07-04 14:25,"김민석, 이르면 모레 광주·전남서 출마 선언",더불어민주당 당권 주자인 김민석 전 국무총리가 이르면 모레(6일) 광주·전남에서 당 대표 출마를 공식 선언할 것으로 보입니다. 김 전 총리 측은 오늘(4일) YTN에 오는 6일 광주 군 공항에서 출마 선언을 하는 방안을...,https://www.ytn.co.kr/_ln/0101_202607041425000420
2026-07-04 14:50,김민석 총리,2026-07-04 14:48,"국힘 ""李, 호남 반도체 자화자찬…김민석 당선 위한 얄팍한 수작""","국민의힘은 4일 정부의 호남 반도체 투자 계획을 겨냥해 ""호남 표심을 자극해 자신들의 정권 안위를 지탱해 줄 친명계 김민석 전 국무총리를 어떻게든 당선시켜 보겠다는 얄팍한 수작""이라고 비판했다. 박성훈...",https://www.news1.kr/politics/assembly/6217738
2026-07-04 15:10,김민석 총리,2026-07-04 15:02,"김민석 전 국무총리, 6일 민주당 당대표 출마 선언 장소 검토","김민석 전 국무총리가 차기 더불어민주당 당대표 선거 출마 선언 장소로는 광주 5·18 국립묘지와 광주 군공항을 검토 중인 것으로 알려졌다. 김 전 총리 측은 4일 ""김 전 총리가 오는 6일 광주 5·18 국립묘지를 참배한 뒤...",https://www.wolyo.co.kr/news/articleView.html?idxno=314571
2026-07-04 15:10,김민석 총리,2026-07-04 15:04,조용술 국힘 대변인 “李대통령 내로남불 당무개입 멈춰야”,브레이크뉴스 이제항 선임기자/시인 =국민의힘은 민주당 전당대회를 앞두고 이재명 대통령의 당무 개입 의혹과 김민석 전 총리의 선동 정치를 비판하며 여당을...,http://www.breaknews.com/1219208
2026-07-04 15:10,김민석 총리,2026-07-04 15:05,"김민석 전 국무총리, 6일 민주당 당대표 출마 선언","더불어민주당 당권 주자인 김민석 전 국무총리가 전남·광주에서 당 대표 출마를 공식 선언할 것으로 보인다. 김 전 총리 측은 4일 ""김 전 총리가 오는 6일 광주 5·18 국립묘지를 참배한 뒤 군공항에서 당대표 출마 선언을...",https://www.jnilbo.com/news/articleView.html?idxno=90000047592
2026-07-04 15:10,김민석 총리,2026-07-04 15:07,"국힘 ""李 메가프로젝트 지지율과 무관하다?…역대급 위선""",박 수석대변인은 “이 대통령의 호남 반도체 몰아주기는 산업 경쟁력과 시장 논리보다 정치적 계산이 앞선 정치적 급조품에 불과하다”며 “민주당 전당대회를 앞두고 호남 표심을 자극해 친명계 김민석 전 총리를...,https://www.edaily.co.kr/news/newspath.asp?newsid=01456326645511240
2026-07-04 15:10,김민석 총리,2026-07-04 15:07,"국힘 ""정부의 호남 반도체 몰아주기, 김민석 당선 위한 얄팍한 수작""","국민의힘은 4일 이재명 정부의 '3대 메가 프로젝트' 일환인 호남 반도체 투자 계획에 대해 ""친명계 김민석 전 국무총리를 어떻게든 당선시켜 보겠다는 얄팍한 수작에 불과하다""고 밝혔다. 박성훈 국민의힘 수석대변인은...",https://www.newsis.com/view/NISX20260704_0003695862
2026-07-04 15:20,김민석 총리,2026-07-04 15:15,"국민의힘 ""지지율과 무관? 역대급 위선·국민 기만""","또 더불어민주당 전당대회를 앞두고 호남 표심을 자극해 친명계인 김민석 전 총리를 어떻게든 당선시켜 보겠다는 얄팍한 수작에 불과하다며, 손바닥으로 하늘을 가리려는 억지를 부리지 말라고 덧붙였습니다.",https://www.ytn.co.kr/_ln/0101_202607041515156933
2026-07-04 15:20,김민석 총리,2026-07-04 15:17,"김민석, 6일께 '호남 반도체 부지' 광주 군공항서 출마선언할 듯",새로 출범한 전남·광주서 '李대통령 뒷받침할 당 리더십' 강조 전망 더불어민주당 당권주자인 김민석 전 국무총리가 6일께 전남·광주통합특별시에서 8·17 전당대회 당 대표 선거에 출마하겠다고 공식 선언할 것으로 4일...,https://www.yna.co.kr/view/AKR20260704028500001?input=1195m
2026-07-04 15:20,김민석 총리,2026-07-04 15:19,"3대 메가프로젝트 두고 與 ""TF로 지원할 것"" 野 ""반도체 정치적 소모품 돼서는 안 돼"" 신경전-정치ㅣ한국일보","그러면서 ""더욱이 민주당 전당대회를 앞둔 시점과 맞물리면서, 호남 표심을 자극해 자신들의 정권 안위를 지탱해 줄 친명계 김민석 전 총리를 어떻게든 당선시켜 보겠다는 얄팍한 수작에 불과하다""며 ""이 대통령과...",https://www.hankookilbo.com/news/article/A2026070415090000598?did=NA
2026-07-04 15:30,김민석 총리,2026-07-04 15:24,"김민석, 주말은 익산서…""익산 넘어 전북, 대한민국 도약 구상""","8·17 더불어민주당 전당대회 주요 당권주자인 김민석 전 국무총리는 4일 ""총리 퇴임 후 첫 주말을 보내는 익산에서, 익산을 넘어 전북, 나아가 대한민국의 새로운 도약을 구상한다""고 밝혔다. 김 전 총리는 이날 엑스(X·구...",https://www.news1.kr/politics/assembly/6217748
2026-07-04 15:30,김민석 총리,2026-07-04 15:28,김민석 ‘광주 군공항’ 택했다…6일쯤 당대표 출마선언할 듯,더불어민주당의 유력 당권 주자인 김민석 전 국무총리가 오는 6일쯤 전남광주통합특별시를 찾아 8·17 전당대회 당 대표 선거 출마를 공식 선언할 것으로 4일 알려졌다. 구체적인 출마 선언 장소로는 광주 군 공항이...,https://www.dt.co.kr/article/12071048?ref=naver
2026-07-04 15:30,김민석 총리,2026-07-04 15:29,"김민석, 6일쯤 광주서 당대표 출마 공식 선언할 듯",더불어민주당 당권주자인 김민석 전 국무총리가 오는 6일쯤 전남·광주통합특별시에서 8·17 당 대표 선거에 출마하겠다고 공식 선언할 것으로 알려졌습니다. 구체적인 출마 선언 장소로는 광주 군 공항이 유력하게...,http://www.yonhapnewstv.co.kr/news/AKR20260704152816JDS
2026-07-04 15:40,김민석 총리,2026-07-04 15:31,"김민석, 퇴임 후 첫 주말 익산 방문…""익산 넘어 전북, 대한민국 도약 구상""","김민석 전 국무총리가 4일 퇴임 후 첫 주말을 전북에서 보내며 ""익산에서 미래를 본다""고 밝혔다. 김 전 총리는 이날 X(엑스·구 트위터)에 이같은 제목의 게시물에 ""총리 퇴임 후 첫 주말, 어쩌면 계엄 후 몇 년 만에...",https://www.newsis.com/view/NISX20260704_0003695869
2026-07-04 15:40,김민석 총리,2026-07-04 15:35,"김민석 전 총리, 6일 당대표 출마 선언 전망",더불어민주당 당권주자인 김민석 전 국무총리가 오는 6일 8·17 전당대회 당대표 선거 출마를 공식 선언할 것으로 알려졌다. 4일 정치권에 따르면 김 전 총리는 전남·광주통합특별시 내 광주 군공항을 유력한 출마 선언...,http://www.fnnews.com/news/202607041528328148
2026-07-04 15:50,김민석 총리,2026-07-04 15:39,김민석 6일 당대표 출마 선언할 듯.. 장소는 李대통령 다녀간 '광주 군공항' 유력,더불어민주당 당권 주자인 김민석 전 국무총리가 오는 6일쯤 전남·광주통합특별시에서 8·17 전당대회 당대표 선거 출마를 공식 선언할 것으로 알려졌습니다. 오늘(4일) 정치권에 따르면 출마 선언 장소로는 광주 군공항이...,https://www.jibs.co.kr/news/articles/articlesDetail/63125?feed=na
2026-07-04 15:50,김민석 총리,2026-07-04 15:43,"김민석, 6일 광주서 당대표 출마 선언할 듯...당권 경쟁 돌입",더불어민주당 당권에 도전하는 김민석 전 국무총리가 오는 6일 광주에서 당 대표 출마를 공식 선언할 것으로 알려졌다. 출마 선언 장소로는 광주 군공항이 유력하게 거론된다. 4일 정치권에 따르면 김 전 총리는 이날 광주...,https://www.newspim.com/news/view/20260704000049
2026-07-04 15:50,김민석 총리,2026-07-04 15:46,"김민석, 6일 광주전남서 당대표 출마 선언…‘호남 민심’ 공략",더불어민주당 당대표 선거 출마를 준비 중인 김민석 전 국무총리가 이르면 6일 전남·광주통합특별시에서 공식 출마를 선언할 것으로 알려졌다. 출마 선언 장소로는 광주 군공항이 유력하게 거론된다. 4일 정치권에 따르면...,https://www.sedaily.com/article/20063768?ref=naver
2026-07-04 15:50,김민석 민주당,2026-07-04 15:50,"국민의힘 “호남 반도체 몰아주기, 정치적 급조품… 김민석 당선시키겠단 얄팍한 수작”","또한 ""더욱이 민주당 전당대회를 앞둔 시점과 맞물리면서 호남 표심을 자극해 자신들의 정권 안위를 지탱해 줄 친명계 김민석 전 총리를 어떻게든 당선시켜 보겠다는 얄팍한 수작에 불과하다""고 비판했다. 박 수석대변인은...",https://www.newscj.com/news/articleView.html?idxno=3414463
2026-07-04 16:00,김민석 총리,2026-07-04 15:51,"""전당대회에서 빠져 달라"" 정청래 측근, 대통령 비서실장 공개 저격","이상호 ""당 노선이 되는 순간 길 잃을 것"" 공개 반박 ▲  왼쪽부터 김민석 국무총리, 정청래·송영길 전 더불어민주당 대표 ⓒ 남소연 이씨는 글 말미에 ""사랑하는 민주당을 안개 속으로 헤매게 하지 마라""며 강 실장을 향해...",https://www.ohmynews.com/NWS_Web/View/at_pg.aspx?CNTN_CD=A0003248695&CMPT_CD=P0010&utm_source=naver&utm_medium=newsearch&utm_campaign=naver_news
2026-07-04 16:00,김민석 총리,2026-07-04 15:51,"'전북 익산' 찾은 김민석 ""놀랍게 도약할 것""…6일 광주서 당권도전 선언 전망","김민석 전 총리는 4일 X(엑스·옛 트위터)에 '익산에서 미래를 본다'는 제목의 글을 올리고 ""총리 퇴임 후 첫 주말을 보내는 익산에서, 익산을 넘어 전북, 나아가 대한민국의 새로운 도약을 구상한다""고 적었다. 먼저 그는...",https://www.dailian.co.kr/news/view/1663410/?sc=Naver
2026-07-04 16:00,김민석 총리,2026-07-04 15:51,"김민석, '호남 반도체 부지' 광주 군 공항서 당 대표 출마 선언 전망","더불어민주당 당권주자인 김민석 전 국무총리가 오는 6일쯤 전남·광주통합특별시에서 8·17 전당대회 당 대표 선거 출마를 공식 선언할 것으로 알려졌습니다. 김 전 총리 측은 오늘(4일) ""출마 선언 시기 및 장소는 현재...",http://mbn.mk.co.kr/pages/news/newsView.php?category=mbn00006&news_seq_no=5203827
2026-07-04 16:01,김민석 총리,2026-07-04 15:54,"김민석, 6일쯤 광주 군공항·서울 광화문서 당권 도전 선언 검토",더불어민주당 김민석 전 국무총리가 오는 6일 전남·광주통합특별시에서 8·17 전당대회 당 대표 선거 출마를 공식 선언할 것으로 오늘(4일) 알려졌습니다. 출마 선언 장소로는 광주 군 공항이 유력하게 검토되는 것으로...,https://news.kbs.co.kr/news/pc/view/view.do?ncd=8602227&ref=A
2026-07-04 16:01,김민석 총리,2026-07-04 15:56,"김민석, ‘반도체 후보지’ 광주 군공항서 6일 출마 선언 검토",김민석 전 국무총리가 오는 6일 전남광주통합특별시에서 더불어민주당 8·17 전당대회 당 대표 출마 선언을 하는 방안을 검토 중인 것으로 알려졌다. 출마 선언 장소로는 호남 반도체 클러스터 조성 후보지인 광주...,https://www.hani.co.kr/arti/politics/politics_general/1266704.html
2026-07-04 16:10,김민석 총리,2026-07-04 15:59,"김민석, 퇴임 후 첫 주말 익산행 ""메가프로젝트, 전북 도약할 것""","김민석 전 국무총리가 4일 오후 ""총리 퇴임 후 첫 주말, 어쩌면 계엄 후 몇 년 만에 처음으로 쉼이 있는 주말을 전북 익산 집에서 보내고 있다""고 밝혔다. 김 전 총리는 ""전국 방방곡곡을 주유하던 18년의 야인 시절 사랑에...",https://www.sidae.com/article/2026070415370784390
2026-07-04 16:10,김민석 총리,2026-07-04 16:05,"국힘 ""李 메가프로젝트 지지율 관리용 아니다? 국민 기만""","박 대변인은 ""더욱이 민주당 전당대회를 앞둔 시점과 맞물리면서 호남 표심을 자극해 자신들의 정권 안위를 지탱해 줄 친명계 김민석 전 총리를 어떻게든 당선시켜 보겠다는 얄팍한 수작에 불과하다""며 ""국가 핵심...",https://www.hankyung.com/article/2026070455337
2026-07-04 16:10,김민석 총리,2026-07-04 16:06,"김민석, 6일 광주 군공항서 당대표 출마선언 검토",호남서 출사표…광화문 선언도 검토 아주경제=김현아 기자 haha@ajunews.com 더불어민주당 당권 주자인 김민석 전 국무총리가 오는 6일 광주 군공항에서 8·17 전당대회 당대표 선거 출마를 공식 선언하는 방안을 검토 중인...,https://www.ajunews.com/view/20260704160311900
2026-07-04 16:20,김민석 총리,2026-07-04 16:18,"국민의힘, 이재명 대통령과 민주당은 국익을 담보로 한 반시장적 포퓰리즘 폭주를 즉각 중단하라","박 수석대변인은 ""민주당 전당대회를 앞둔 시점과 맞물리면서 호남 표심을 자극해 자신들의 정권 안위를 지탱해 줄 친명계 김민석 전 총리를 어떻게든 당선시켜 보겠다는 얄팍한 수작에 불과하다""면서 ""국가 핵심...",https://www.daejonilbo.com/news/articleView.html?idxno=2285559
2026-07-04 16:30,김민석 총리,2026-07-04 16:20,與대표 도전 ‘공식화’하는 김민석...6일께 광주서 선언 검토,호남 민심잡기 일환으로 보여 같은 날 서울서도 도전 선언할 듯 김민석 전 국무총리가 6일께 전남·광주통합특별시에서 더불어민주당 대표 선거 출마를 공식화할 것으4일 알려졌다. 출마를 선언하는 구체적인 장소로는...,https://www.mk.co.kr/article/12090326
2026-07-04 16:30,김민석 총리,2026-07-04 16:24,"李대통령 “메가프로젝트, 지지율 관리 수단이면 선거 전에 했다”",이어 “민주당 전당대회를 앞둔 시점과 맞물리며 호남 표심을 자극해 자신들의 정권 안위를 지탱해 줄 친명계 김민석 전 총리를 어떻게든 당선시켜 보겠다는 얄팍한 수작”이라고 덧붙였다.,https://www.segye.com/newsView/20260704504406?OutUrl=naver
2026-07-04 16:40,김민석 총리,2026-07-04 16:32,"DJ 생가 간 정청래, 익산 간 김민석... 주말 내내 호남 표심 잡기","김민석 전 총리는 이날 X(옛 트위터)에 ”총리 퇴임 후 첫 주말, 어쩌면 계엄 후 몇 년 만에 처음으로 쉼이 있는 주말을 전북 익산 집에서 보내고 있다“며 ”익산에서, 익산을 넘어 전북, 나아가 대한민국의 새로운 도약을...",https://www.chosun.com/politics/assembly/2026/07/04/WS7OZ6OQSVEARAKR6LCEWS4UZM/?utm_source=naver&utm_medium=referral&utm_campaign=naver-news
2026-07-04 16:40,김민석 총리,2026-07-04 16:34,"김민석, 6일 광주서 당대표 출마 선언?",김 전 총리는 호남 출마 선언에 이어 같은 날 오후 서울 광화문에서도 별도의 출마 선언 행사를 여는 방안을 검토 중인 것으로 전해졌다. [ 경기신문 = 이종철 기자 ] 김민석 전 총리와 강훈식 대통령 비서실장. (사진=연합뉴스),https://www.kgnews.co.kr/news/article.html?no=902531
2026-07-04 16:40,김민석 총리,2026-07-04 16:34,"김민석, 6일 광주 군 공항·서울 광화문서 당 대표 출마 선언 검토",더불어민주당 당권 주자인 김민석 국무총리가 오는 6일 전남광주통합특별시에서 8·17 전당대회 출마를 공식 선언할 것으로 4일 알려졌다. 출마 선언 장소로는 광주 군 공항이 유력하게 검토되는 가운데 서울 광화문에서 한...,https://www.hankookilbo.com/news/article/A2026070416250001083?did=NA
2026-07-04 17:00,김민석 총리,2026-07-04 16:09,계속되는 당권주자 신경전...입법 속도전 VS 보이콧 대응,"그렇다면 앞으로 김민석 총리가 생각하는 것은 이재명 정부 청와대, 이재명 청와대의 출장소 같은 역할을 할 것인가, 아니면 국회 같은 경우에도 결국 대통령이 원하면 뭐든지 손들어주는 거수기 국회를 만들려고 하는...",https://www.ytn.co.kr/_ln/0101_202607041609114311
2026-07-04 17:00,김민석 총리,2026-07-04 16:52,"김민석, 6일께 광주 군 공항서 당대표 출마 공식화 전망",더불어민주당 당권 도전에 나선 김민석 전 국무총리가 오는 6일 전남·광주통합특별시에서 8.17 전당대회 당대표 선거 출마를 공식 선언할 것으로 4일 전해졌다. 출마 선언 장소로는 광주 군 공항이 유력하게 거론되고 있다....,https://www.newscj.com/news/articleView.html?idxno=3414470
2026-07-04 17:00,김민석 총리,2026-07-04 16:55,"김민석, 6일께 호남 반도체 부지서 당 대표 출마 선언 전망",김민석 전 국무총리가 6일께 전남·광주통합특별시에서 더불어민주당 대표 선거 출마를 공식 선언할 것으로 4일 전해졌다. 김 전 총리 측은 이날 “출마 선언 시기 및 장소는 현재 검토 중”이라며 “확정되면 조만간...,https://biz.heraldcorp.com/article/10798131?ref=naver
2026-07-04 17:01,김민석 총리,2026-07-04 16:55,김민석 전 총리 6일 전남 광주서 당대표 출마 선언할 듯,더불어민주당 당권 주자인 김민석 전 국무총리가 오는 6일 전남·광주통합특별시에서 8·17 전당대회 당 대표 선거 공식 출마를 선언할 것으로 4일 알려졌다. 구체적인 출마 선언 장소로는 광주 군 공항 일대가 유력하게...,https://www.kmib.co.kr/article/view.asp?arcid=0030063201&code=61111111&cp=nv
2026-07-04 17:01,김민석 총리,2026-07-04 16:58,"김민석, 퇴임 후 첫 주말 익산행…""익산 넘어 전북, 대한민국 도약 구상""","김민석 전 국무총리는 ""총리 퇴임 후 첫 주말을 보내는 익산에서 익산을 넘어 전북, 나아가 대한민국의 새로운 도약을 구상한다""고 4일 밝혔다. 김 전 총리는 이날 엑스(X·구 트위터)를 통해 ""총리 퇴임 후 첫 주말, 어쩌면...",https://www.hankyung.com/article/2026070455507
2026-07-04 17:10,김민석 총리,2026-07-04 17:00,"국민의힘 “이 대통령, ‘호남 반도체’ 지지율 관리용 부인…‘역대급 위선·기만’”",친명계 김민석 전 총리를 어떻게든 당선시켜 보겠다는 얄팍한 수작”이라고 주장했습니다. 그러면서 “국가 전략산업인 반도체는 특정 정당의 전당대회를 위한 정치적 소모품이 되어서는 안 된다”며 “대한민국의 미래...,https://news.kbs.co.kr/news/pc/view/view.do?ncd=8602233&ref=A
2026-07-04 17:10,김민석 총리,2026-07-04 17:02,與 당권주자 주말…김민석 익산·정청래 DJ생가·송영길 與 대학생위(종합),8·17 더불어민주당 전당대회 주요 당권주자인 김민석 전 총리와 정청래 전 대표는 4일 각각 전북 익산과 전남 하의도 김대중 생가에서 주말을 보냈다. 송영길 전 대표는 민주당 전국대학생위원회 총회에 참석해 당원들을...,https://www.news1.kr/politics/assembly/6217771
2026-07-04 17:10,김민석 총리,2026-07-04 17:07,"李대통령 ""메가프로젝트, 지지율 관리 수단 아냐""…국민의힘 ""김민석 당선 위한 수작""","국민의힘은 이 대통령의 발언을 궤변이라 규정하고 호남에 집중된 반도체 투자를 향해 ""호남 표심을 자극해 자신들의 정권 안위를 지탱해줄 친명계 김민석 전 국무총리를 어떻게든 당선시켜보겠다는 얄팍한 수작""이라고...",https://www.dailian.co.kr/news/view/1663420/?sc=Naver
2026-07-04 17:20,김민석 총리,2026-07-04 17:12,"김민석, 조만간 '호남 반도체 부지' 광주 군공항서 당대표 출마 선언",▲ 더불어민주당 당권 주자로 거론되는 김민석 전 국무총리가 2일 충북 청주시 SK하이닉스 4캠퍼스를 방문해 가진 간담회에서 발언하고 있다. 민주당 당권주자인 김민석 전 국무총리가 조만간 전남·광주통합특별시에서 8...,https://news.sbs.co.kr/news/endPage.do?news_id=N1008641619&plink=ORI&cooper=NAVER
2026-07-04 17:20,김민석 총리,2026-07-04 17:18,"李대통령 ""지지율 위한 것이면 지방선거 전에 했을 것""","그래서 선거가 끝나자마자 기다렸다는 듯 발표한 것 아니냐""고 반문한 뒤, ""더욱이 민주당 전당대회를 앞둔 시점과 맞물리면서, 호남 표심을 자극해 자신들의 정권 안위를 지탱해 줄 친명계 김민석 전 총리를 어떻게든...",https://www.viewsnnews.com/article?q=236955
2026-07-04 17:40,김민석 총리,2026-07-04 17:28,"김민석, 총리 퇴임 첫 주말 익산행...""대한민국 새 도약 구상""","김민석 전 국무총리가 총리 퇴임 뒤 첫 주말을 맞아 전북 익산에서 앞으로의 행보를 구상했다고 밝혔습니다. 김 전 총리는 오늘(4일) SNS를 통해 주말을 전북 익산 집에서 보내고 있다며 익산을 넘어 전북, 나아가...",https://www.ytn.co.kr/_ln/0101_202607041728239490
2026-07-04 17:40,김민석 총리,2026-07-04 17:33,"이임 후 익산 찾은 김민석 ""전북 넘어 대한민국의 새 도약 구상""","""새로운 상황에서 도약하는 것이 정치이자 행정"" 6일 더불어민주당 대표 출마 선언도 김민석 전 국무총리가 4일 ""총리 퇴임 후 첫 주말을 보내는 익산에서 익산을 넘어 전북, 나아가 대한민국의 새로운 도약을 구상한다""고...",https://news.tf.co.kr/read/ptoday/2339717.htm
2026-07-04 17:40,김민석 총리,2026-07-04 17:37,"野 ""메가프로젝트, 국정지지율·與전대용""…與 ""국운 건 대전환""","이어 ""3대 메가 프로젝트는 더불어민주당 전당대회를 앞둔 시점과 맞물리면서, 호남 표심을 자극해 자신들의 정권 안위를 지탱해 줄 친명계 김민석 전 총리를 어떻게든 당선시켜 보겠다는 얄팍한 수작에 불과하다""고...",https://www.yna.co.kr/view/AKR20260704033100001?input=1195m
2026-07-04 17:50,김민석 총리,2026-07-04 17:41,"[속보]김민석, &#039;호남반도체 후보지&#039;서 民 당대표 출마 선언한다&hellip;광주&middot;광화문 두 차례 검토",김민석 전 국무총리가 오는 6일 전남광주통합특별시에서 더불어민주당 대표 선거 출마를 공식 선언할 것으로 알려졌습니다. 4일 정치권에 따르면 6일 오전 5·18 국립묘지를 참배한 뒤 광주 군공항에서 당 대표 출마를 공식...,https://www.ikbc.co.kr/article/view/kbc202607040023
2026-07-04 17:50,김민석 총리,2026-07-04 17:48,"김민석, 모레쯤 '반도체 부지' 광주 군공항서 출마 선언할 듯",▲ 김민석 전 국무총리 더불어민주당 당권주자인 김민석 전 국무총리가 모레(6일)쯤 전남·광주통합특별시에서 8·17 전당대회 당 대표 선거에 출마하겠다고 공식 선언할 것으로 알려졌습니다. 구체적인 출마 선언 장소로는...,https://news.sbs.co.kr/news/endPage.do?news_id=N1008641638&plink=ORI&cooper=NAVER
2026-07-04 17:50,김민석 민주당,2026-07-04 17:41,"민주당 당권주자 김민석·송영길·정청래 한자리에, 앞에서는 화기애애…뒤에서는 견제구? [토요와이드]",박창환 장안대 특임교수 여선웅 더불어민주당 부대변인 김동원 전 국민의힘 대변인 김준호 전 국민의힘 대변인 #MBN #토요와이드 #차유나앵커 #더불어민주당 #민주당 #김민석 #송영길 #정청래 #당권주가 #전당대회 #워크숍...,http://www.mbn.co.kr/pages/news/newsView.php?news_seq_no=5203849
2026-07-04 17:50,김민석 민주당,2026-07-04 17:50,"정청래 'DJ 생가', 김민석 '익산' 방문…호남서 '민심 훑기'","뉴스토마토 = 박주용 기자 |  8·17 전당대회를 앞두고 민주당의 당권주자들이 4일 호남을 찾아 민심 잡기에 나섰습니다. 정청래 전 대표는 김대중 전 대통령의 생가를 방문했고, 김민석 전 국무총리는 전북 익산에 마련한...",http://www.newstomato.com/ReadNews.aspx?no=1306127&inflow=N
2026-07-04 18:00,김민석 총리,2026-07-04 17:46,"야권 ""메가프로젝트, 여당 전당대회용 불과""…민주 ""국운 건 대전환""","이어 ""3대 메가 프로젝트는 더불어민주당 전당대회를 앞둔 시점과 맞물리면서, 호남 표심을 자극해 자신들의 정권 안위를 지탱해 줄 친명계 김민석 전 총리를 어떻게든 당선시켜 보겠다는 얄팍한 수작에 불과하다""고...",https://news.tvchosun.com/site/data/html_dir/2026/07/04/2026070490096.html
2026-07-04 18:00,김민석 총리,2026-07-04 17:52,"정청래·김민석, 주말에도 호남서 당심 공략 경쟁…대결 가열","鄭, DJ 생가 찾아 ""누구 몇사람이 독점할 수 있는 분 아냐"" 金, 전북서 ""메가프로젝트, 모든 지역이 함께 도약하는 시작"" 더불어민주당 당권주자인 정청래 전 대표와 김민석 전 국무총리가 주말인 4일 호남에서 당심 공략...",https://www.yna.co.kr/view/AKR20260704034400001?input=1195m
2026-07-04 18:10,김민석 총리,2026-07-04 18:00,김민석·정청래 주말 사이 '호남 구애'…송영길은 청년 행사(종합),"더불어민주당 주요 당권 주자인 김민석 전 국무총리와 정청래 전 대표가 4일 각각 전북 익산과 전남 하의도를 방문하는 등 호남 민심 잡기에 나섰다. 송영길 의원은 당 전국대학생위원회 행사에서 ""2030 세대에 대한...",https://www.newsis.com/view/NISX20260704_0003695922
